;;Baden-Württemberg;Baden-Württemberg;Baden-Württemberg;Bayern;Bayern;Bayern;Berlin;Berlin;Berlin;Brandenburg;Brandenburg;Brandenburg;Bremen;Bremen;Bremen;Hamburg;Hamburg;Hamburg;Hessen;Hessen;Hessen;Mecklenburg-Vorpommern;Mecklenburg-Vorpommern;Mecklenburg-Vorpommern;Niedersachsen;Niedersachsen;Niedersachsen;Nordrhein-Westfalen;Nordrhein-Westfalen;Nordrhein-Westfalen;Rheinland-Pfalz;Rheinland-Pfalz;Rheinland-Pfalz;Saarland;Saarland;Saarland;Sachsen;Sachsen;Sachsen;Sachsen-Anhalt;Sachsen-Anhalt;Sachsen-Anhalt;Schleswig-Holstein;Schleswig-Holstein;Schleswig-Holstein;Thüringen;Thüringen;Thüringen
31.12.2000;unter 1 Jahr;54396;51908;106304;61826;59380;121206;15054;14432;29486;9527;9057;18584;3060;2901;5961;8173;7687;15860;30162;28832;58994;6785;6443;13228;40916;38475;79391;89773;85132;174905;19660;18246;37906;4417;4198;8615;16932;16100;33032;9629;8948;18577;13774;13251;27025;8914;8566;17480
31.12.2000;1-Jährige;56263;52684;108947;64052;59910;123962;14759;14270;29029;9438;9043;18481;2978;2907;5885;8090;7644;15734;30448;28790;59238;6443;6111;12554;41569;39228;80797;90571;86331;176902;19676;18833;38509;4486;4454;8940;16084;15202;31286;9324;8624;17948;14308;13607;27915;8704;8109;16813
31.12.2000;2-Jährige;57654;54639;112293;65544;62171;127715;14532;13811;28343;9345;8792;18137;3107;2920;6027;7952;7691;15643;31215;29499;60714;6233;6003;12236;43105;40766;83871;94005;88976;182981;20562;19756;40318;4688;4430;9118;15352;14643;29995;8765;8481;17246;14655;13926;28581;8444;8104;16548
31.12.2000;3-Jährige;60059;56967;117026;67207;63830;131037;14542;13609;28151;9136;8794;17930;3204;2984;6188;8113;7767;15880;32358;30546;62904;6288;5839;12127;44773;42880;87653;98079;93083;191162;21681;20594;42275;5020;4851;9871;14747;14130;28877;8781;8200;16981;15570;14481;30051;8471;8090;16561
31.12.2000;4-Jährige;59029;56056;115085;66816;63169;129985;13995;13323;27318;8785;8209;16994;3196;2890;6086;7922;7496;15418;31891;30270;62161;5859;5444;11303;44266;41705;85971;97043;92308;189351;21680;20270;41950;5085;4921;10006;13840;13231;27071;8222;7802;16024;15409;14548;29957;7764;7466;15230
31.12.2000;5-Jährige;58247;54910;113157;65248;61918;127166;13361;12806;26167;7955;7562;15517;3045;2935;5980;7615;7109;14724;30844;29120;59964;5226;4967;10193;42924;40972;83896;94461;90145;184606;20919;20072;40991;4972;4771;9743;12426;11891;24317;7562;7088;14650;14769;14009;28778;7248;6643;13891
31.12.2000;6-Jährige;58850;55415;114265;66826;62898;129724;13463;12459;25922;7584;7284;14868;2981;2851;5832;7682;7240;14922;30994;29839;60833;4877;4578;9455;43853;41796;85649;97041;92008;189049;21670;20574;42244;5139;4988;10127;12019;11322;23341;7424;7030;14454;15091;14084;29175;6635;6307;12942
31.12.2000;7-Jährige;60838;57693;118531;70009;66244;136253;13358;12719;26077;7622;7176;14798;3081;2884;5965;7475;7283;14758;31877;30476;62353;5235;4745;9980;46124;43622;89746;101179;96512;197691;23072;21576;44648;5567;5216;10783;12420;11664;24084;7563;7223;14786;15597;14870;30467;7001;6672;13673
31.12.2000;8-Jährige;61654;58021;119675;70273;67518;137791;14045;13100;27145;8452;7866;16318;3220;3001;6221;7822;7504;15326;32118;30878;62996;5802;5508;11310;46287;44116;90403;103948;98559;202507;23106;22527;45633;5686;5501;11187;13258;12576;25834;8522;7995;16517;15791;15120;30911;7594;7398;14992
31.12.2000;9-Jährige;62629;59608;122237;72181;67757;139938;14519;13757;28276;10032;9931;19963;3251;3035;6286;8086;7693;15779;32809;31470;64279;7033;6721;13754;47182;44671;91853;105875;101056;206931;23864;22836;46700;6001;5506;11507;16155;15194;31349;9965;9427;19392;16248;15299;31547;8990;8663;17653
31.12.2000;10-Jährige;64548;61524;126072;74441;70538;144979;17710;16778;34488;16162;15234;31396;3339;3062;6401;8416;7838;16254;34162;32473;66635;11322;10889;22211;48717;45906;94623;109093;103410;212503;24863;23492;48355;6214;5827;12041;24926;23713;48639;15718;14728;30446;16705;15745;32450;14262;13644;27906
31.12.2000;11-Jährige;62556;59690;122246;71437;68196;139633;18108;17286;35394;17477;16793;34270;3221;3181;6402;8042;7579;15621;33409;31849;65258;12666;11713;24379;46950;44269;91219;105413;100834;206247;24072;22913;46985;5974;5657;11631;26955;25237;52192;16754;15762;32516;16150;15301;31451;15090;14467;29557
31.12.2000;12-Jährige;64101;61150;125251;72701;68600;141301;18877;17767;36644;18918;17849;36767;3300;3089;6389;8312;7773;16085;33917;32040;65957;13489;12599;26088;48053;45028;93081;107460;102418;209878;24747;23572;48319;6081;5755;11836;28543;26912;55455;17875;16998;34873;16488;15397;31885;16423;15873;32296
31.12.2000;13-Jährige;61409;58002;119411;69455;65177;134632;18564;17821;36385;19497;18681;38178;3168;3185;6353;7763;7302;15065;32752;30861;63613;14425;13506;27931;46329;43504;89833;104772;98959;203731;23804;22927;46731;6037;5635;11672;29937;28194;58131;18602;17657;36259;15709;14589;30298;17283;16287;33570
31.12.2000;14-Jährige;60889;57881;118770;68880;65081;133961;18315;17330;35645;18995;18561;37556;3179;2986;6165;7733;6986;14719;31894;30389;62283;13915;13288;27203;45471;42594;88065;101781;97021;198802;23455;22298;45753;5973;5654;11627;29261;27971;57232;18240;17395;35635;14814;14232;29046;17166;16127;33293
31.12.2000;15-Jährige;57903;55145;113048;65009;62392;127401;17979;17324;35303;20121;18623;38744;3087;2859;5946;7545;7033;14578;30980;28927;59907;14134;13555;27689;42905;41233;84138;96499;92032;188531;22336;21006;43342;5671;5282;10953;30174;28258;58432;18412;17431;35843;13870;13500;27370;17414;16375;33789
31.12.2000;16-Jährige;58321;54899;113220;65392;62618;128010;18078;17044;35122;19718;18836;38554;2974;2992;5966;7624;6860;14484;31224;29264;60488;13985;13395;27380;42997;40013;83010;96125;91178;187303;22340;21356;43696;5608;5276;10884;30082;28620;58702;18581;17550;36131;14111;13133;27244;17563;16543;34106
31.12.2000;17-Jährige;58063;55603;113666;66631;63142;129773;18387;17385;35772;19862;18704;38566;3305;3224;6529;8152;7204;15356;31041;29622;60663;14322;13370;27692;43303;41008;84311;96837;92334;189171;22356;21040;43396;5635;5289;10924;30364;28882;59246;18997;17734;36731;14133;13186;27319;17813;16702;34515
31.12.2000;18-Jährige;60057;57580;117637;68351;65909;134260;19036;18142;37178;20442;18566;39008;3358;3470;6828;8379;7713;16092;32436;31148;63584;14546;13679;28225;44286;42488;86774;100492;94825;195317;23086;21735;44821;5840;5586;11426;31266;29118;60384;18859;17370;36229;14577;14056;28633;18622;17018;35640
31.12.2000;19-Jährige;60136;59554;119690;69507;67697;137204;19370;19078;38448;19550;17836;37386;3458;3571;7029;8422;8773;17195;32834;31862;64696;14139;12608;26747;44584;43222;87806;99922;96152;196074;23221;22021;45242;6052;5601;11653;30873;28268;59141;18892;16767;35659;14692;14346;29038;17926;16518;34444
31.12.2000;20-Jährige;61739;61225;122964;69628;68962;138590;20425;20611;41036;19608;17044;36652;3620;3665;7285;9036;9596;18632;33342;32978;66320;14534;12708;27242;44773;43517;88290;100648;98070;198718;22818;22491;45309;6016;5738;11754;31819;28693;60512;18980;16617;35597;14834;14596;29430;18603;16472;35075
31.12.2000;21-Jährige;58619;58658;117277;67547;66846;134393;20132;20461;40593;18472;15760;34232;3500;3700;7200;9172;9940;19112;32060;32255;64315;13810;11447;25257;43002;41899;84901;95361;94140;189501;21774;21227;43001;5564;5634;11198;30912;26963;57875;17837;15256;33093;14073;13893;27966;17753;15190;32943
31.12.2000;22-Jährige;58589;57889;116478;67491;67164;134655;20688;20950;41638;17692;15146;32838;3606;3781;7387;9919;10321;20240;32391;32868;65259;13234;10877;24111;43120;41802;84922;95367;94415;189782;21709;21115;42824;5392;5463;10855;30639;26625;57264;17433;14885;32318;14570;14115;28685;16732;14352;31084
31.12.2000;23-Jährige;59033;58866;117899;68353;68164;136517;21148;21805;42953;16546;13953;30499;3712;3789;7501;10382;11229;21611;32829;33337;66166;12568;10234;22802;43216;41947;85163;97052;95965;193017;21398;20909;42307;5550;5462;11012;29786;25504;55290;16335;13908;30243;14656;14069;28725;16194;13691;29885
31.12.2000;24-Jährige;61199;59971;121170;69851;68724;138575;21585;21965;43550;14487;12172;26659;3886;3939;7825;11740;11600;23340;33970;34154;68124;10490;8721;19211;43769;42637;86406;99111;98473;197584;21555;20936;42491;5482;5213;10695;25814;22516;48330;14096;12074;26170;14973;14571;29544;14307;12083;26390
31.12.2000;25-Jährige;60730;59593;120323;69319;68196;137515;21999;21748;43747;13513;11083;24596;3859;3870;7729;12033;11679;23712;33884;34153;68037;9826;7919;17745;42824;41569;84393;98190;96908;195098;21237;20407;41644;5494;5161;10655;24619;20972;45591;13293;11095;24388;14911;14167;29078;13556;11007;24563
31.12.2000;26-Jährige;62776;61940;124716;71794;70703;142497;21886;21796;43682;13064;11004;24068;4035;3870;7905;12366;11886;24252;35073;34906;69979;9343;7484;16827;44073;43111;87184;100230;99797;200027;21705;21028;42733;5478;5394;10872;24336;20438;44774;13023;11225;24248;15239;14330;29569;13731;11181;24912
31.12.2000;27-Jährige;63338;62673;126011;73312;71395;144707;22251;22015;44266;13055;11111;24166;4130;4033;8163;12094;12293;24387;36321;35865;72186;9353;7663;17016;45219;44252;89471;103374;101659;205033;22260;21511;43771;5394;5363;10757;24405;20730;45135;13647;11539;25186;15537;14838;30375;13753;11591;25344
31.12.2000;28-Jährige;70176;68617;138793;80915;78651;159566;24031;23145;47176;14757;12446;27203;4468;4417;8885;13499;13384;26883;39595;39662;79257;9973;8460;18433;50363;48770;99133;114732;111887;226619;24511;23784;48295;6125;5931;12056;26763;22717;49480;15552;13335;28887;17483;16491;33974;15670;12576;28246
31.12.2000;29-Jährige;77085;74248;151333;88923;85934;174857;27684;25958;53642;17007;14875;31882;4867;4671;9538;14674;14194;28868;44428;43276;87704;11600;9856;21456;55483;53970;109453;126002;122884;248886;27178;26150;53328;6819;6649;13468;31245;26898;58143;18303;15966;34269;19830;18786;38616;17267;14630;31897
31.12.2000;30-Jährige;81062;77375;158437;94051;90611;184662;28334;26675;55009;17589;15572;33161;5276;4729;10005;15481;14434;29915;47193;45294;92487;11808;10570;22378;58904;56817;115721;134617;129165;263782;28939;27439;56378;7117;6796;13913;31554;27344;58898;18342;16470;34812;21272;19772;41044;17608;15377;32985
31.12.2000;31-Jährige;87864;83553;171417;102872;97634;200506;30229;27910;58139;18036;16575;34611;5570;5056;10626;16792;15225;32017;51484;48548;100032;12302;10918;23220;64373;61840;126213;147647;141310;288957;31651;29923;61574;7897;7737;15634;31259;27870;59129;18621;17105;35726;23757;21884;45641;17768;15641;33409
31.12.2000;32-Jährige;92934;87884;180818;108013;102639;210652;31743;29414;61157;18897;17779;36676;5933;5368;11301;18146;16127;34273;54377;51095;105472;12912;11828;24740;67871;64554;132425;154749;148247;302996;33363;31498;64861;8406;8008;16414;32161;28449;60610;19415;17495;36910;25245;23725;48970;17833;16091;33924
31.12.2000;33-Jährige;95148;89950;185098;110888;104956;215844;32143;29987;62130;20387;19026;39413;6087;5284;11371;18156;16307;34463;55191;52346;107537;13466;12563;26029;69170;66723;135893;159004;151615;310619;34175;32327;66502;8773;8343;17116;32970;29739;62709;19793;18540;38333;26026;24303;50329;18242;16685;34927
31.12.2000;34-Jährige;97905;92290;190195;112461;106778;219239;33806;31629;65435;21878;20871;42749;6315;5280;11595;18215;16271;34486;56790;53544;110334;14658;13504;28162;71430;67475;138905;162424;154379;316803;35655;33060;68715;9027;8557;17584;34516;31913;66429;20769;19431;40200;26344;24232;50576;19585;17897;37482
31.12.2000;35-Jährige;98195;91507;189702;113195;105474;218669;35447;32167;67614;23503;21872;45375;5984;5406;11390;17550;15885;33435;57130;53655;110785;15697;14298;29995;71649;66772;138421;163091;154275;317366;35755;33505;69260;9038;8903;17941;36351;33150;69501;21830;20304;42134;25643;23943;49586;20131;18700;38831
31.12.2000;36-Jährige;100114;92652;192766;114414;108054;222468;35661;32923;68584;24633;23069;47702;5905;5162;11067;17824;15979;33803;57750;54217;111967;16376;15080;31456;71565;67483;139048;165375;156241;321616;36685;34113;70798;9214;9169;18383;37449;35026;72475;22475;21440;43915;25669;23980;49649;21128;19756;40884
31.12.2000;37-Jährige;98458;91559;190017;112695;107116;219811;35476;32442;67918;25626;23987;49613;5433;5158;10591;16826;15211;32037;57256;53767;111023;17223;15793;33016;70745;66971;137716;162727;154290;317017;36789;34493;71282;9497;9184;18681;38331;35231;73562;23519;22089;45608;24834;23573;48407;21522;20343;41865
31.12.2000;38-Jährige;95489;89039;184528;109372;104147;213519;33662;30960;64622;25748;24115;49863;5447;5229;10676;15663;14333;29996;55062;51499;106561;17034;15847;32881;68102;65148;133250;156019;148877;304896;35477;33674;69151;9296;9017;18313;37786;34647;72433;22871;22102;44973;23787;22952;46739;21454;20235;41689
31.12.2000;39-Jährige;93167;88453;181620;107830;102730;210560;31904;29180;61084;25565;24049;49614;5285;5011;10296;14548;13785;28333;52973;50652;103625;17400;16117;33517;67618;64496;132114;152438;147452;299890;35313;33680;68993;9489;9039;18528;37283;35257;72540;23081;21927;45008;23128;22379;45507;21931;20828;42759
31.12.2000;40-Jährige;90449;85935;176384;103986;99388;203374;30485;27682;58167;24774;23365;48139;5129;4939;10068;14729;13314;28043;51904;49225;101129;17028;15795;32823;65434;62681;128115;150665;145919;296584;34711;33430;68141;8973;8961;17934;36014;33699;69713;22383;21323;43706;22082;21754;43836;21166;20000;41166
31.12.2000;41-Jährige;86529;82099;168628;100892;95756;196648;28990;26794;55784;24411;22736;47147;4979;4871;9850;13424;12647;26071;50379;47478;97857;16574;15499;32073;63106;60617;123723;146094;141934;288028;33912;32198;66110;9425;8842;18267;35544;33739;69283;21780;21049;42829;21424;20961;42385;20879;19904;40783
31.12.2000;42-Jährige;83192;78582;161774;96143;91691;187834;26365;24653;51018;22672;20956;43628;4790;4790;9580;12744;12289;25033;48356;45486;93842;15740;14563;30303;59934;57430;117364;140439;135710;276149;32317;30598;62915;9091;8682;17773;32880;31273;64153;20666;19778;40444;20365;19778;40143;19548;18595;38143
31.12.2000;43-Jährige;81020;76494;157514;93885;89542;183427;25487;23713;49200;22121;20364;42485;4743;4740;9483;12116;11803;23919;47247;44597;91844;15471;14191;29662;58881;57032;115913;138460;133751;272211;32315;30345;62660;8838;8364;17202;32799;31276;64075;20246;19768;40014;19789;19886;39675;19489;18584;38073
31.12.2000;44-Jährige;79084;75595;154679;90644;86348;176992;24822;23632;48454;21978;20393;42371;4570;4677;9247;11621;11267;22888;45636;43589;89225;15350;14401;29751;57313;54963;112276;133911;129772;263683;30956;29583;60539;8561;8149;16710;33396;31772;65168;20289;20203;40492;18863;18693;37556;19872;19053;38925
31.12.2000;45-Jährige;74754;72146;146900;85373;82759;168132;24543;23420;47963;22344;20685;43029;4593;4592;9185;11197;10854;22051;43882;42063;85945;15524;14422;29946;55136;52862;107998;128237;126616;254853;30077;28753;58830;8162;7913;16075;34334;33017;67351;21343;20270;41613;18592;18324;36916;19959;19284;39243
31.12.2000;46-Jährige;71738;71250;142988;83846;81855;165701;23949;23383;47332;21805;20510;42315;4414;4510;8924;10676;10616;21292;42752;41760;84512;15541;14423;29964;53756;52864;106620;125892;125829;251721;29874;28542;58416;8250;7988;16238;34037;33038;67075;21070;19993;41063;18535;18354;36889;19668;19077;38745
31.12.2000;47-Jährige;68760;69162;137922;80195;79545;159740;23469;23272;46741;21442;20394;41836;4258;4367;8625;10189;10329;20518;41319;40694;82013;15125;14119;29244;52225;50996;103221;119851;121045;240896;28807;27984;56791;8079;7823;15902;34188;33363;67551;20909;20360;41269;18049;17623;35672;19683;18858;38541
31.12.2000;48-Jährige;69517;69502;139019;80969;81085;162054;22937;23570;46507;20918;19834;40752;4305;4364;8669;10348;10581;20929;41619;41356;82975;14555;13930;28485;53216;51703;104919;119597;121334;240931;28946;27776;56722;8061;7689;15750;34903;33671;68574;20788;20230;41018;17975;17836;35811;19402;18621;38023
31.12.2000;49-Jährige;67523;67707;135230;79031;78707;157738;23179;23952;47131;20593;19179;39772;4331;4415;8746;10231;10585;20816;40986;40931;81917;14122;13382;27504;52727;51068;103795;115993;117719;233712;28547;27136;55683;7691;7556;15247;35463;34847;70310;19772;19466;39238;18146;17851;35997;19415;18611;38026
31.12.2000;50-Jährige;68403;69364;137767;80811;80140;160951;24271;25334;49605;19158;18295;37453;4382;4521;8903;10565;11183;21748;42295;42207;84502;13198;12336;25534;53825;51611;105436;118350;118989;237339;29101;27703;56804;8019;7698;15717;34019;33434;67453;19614;19140;38754;18430;18107;36537;18232;17963;36195
31.12.2000;51-Jährige;68001;67418;135419;79426;78636;158062;23102;23431;46533;16141;15442;31583;4535;4524;9059;10782;10995;21777;42630;41918;84548;11261;10724;21985;53233;50831;104064;118561;118014;236575;28331;27214;55545;8256;7757;16013;29933;29327;59260;17241;17328;34569;18541;18187;36728;16601;15770;32371
31.12.2000;52-Jährige;64444;62677;127121;76804;75301;152105;21439;21508;42947;14013;13407;27420;4304;4202;8506;10658;10800;21458;40763;39513;80276;9843;9298;19141;49662;47529;97191;109908;109572;219480;24764;23584;48348;7286;6956;14242;23820;23742;47562;14653;14665;29318;18229;18068;36297;14175;13856;28031
31.12.2000;53-Jährige;60397;58779;119176;75825;74396;150221;20057;20139;40196;13299;13077;26376;4067;4130;8197;10385;10228;20613;38172;37642;75814;9112;8803;17915;45218;44292;89510;102042;101720;203762;22064;21187;43251;5886;5676;11562;23500;24040;47540;14230;14481;28711;17094;16957;34051;13483;13236;26719
31.12.2000;54-Jährige;53089;52099;105188;67229;66826;134055;16493;15588;32081;8999;8819;17818;4105;4025;8130;9868;9719;19587;33151;32527;65678;6111;5749;11860;42799;42033;84832;94137;94467;188604;19904;19115;39019;4755;4793;9548;17946;17909;35855;11724;11751;23475;16198;16052;32250;11040;11282;22322
31.12.2000;55-Jährige;46254;45947;92201;55094;54240;109334;18002;18108;36110;10373;10836;21209;3409;3345;6754;8799;8882;17681;28125;27540;55665;6349;6387;12736;34192;33352;67544;80104;82048;162152;16589;16526;33115;4494;4432;8926;20875;21827;42702;11784;12074;23858;13256;13700;26956;10367;10639;21006
31.12.2000;56-Jährige;60161;59259;119420;71402;69904;141306;23906;23687;47593;15719;16155;31874;4305;4183;8488;11051;11183;22234;37528;36727;74255;9504;9694;19198;45123;45444;90567;103660;105327;208987;21847;21658;43505;6023;6120;12143;30523;31625;62148;16604;17050;33654;17908;17930;35838;15175;15468;30643
31.12.2000;57-Jährige;60556;60630;121186;71898;70363;142261;25039;24896;49935;17086;17398;34484;4529;4282;8811;11317;11133;22450;37591;36317;73908;10411;10711;21122;47780;46506;94286;104855;106100;210955;22013;21633;43646;5888;5990;11878;30103;31564;61667;17276;17699;34975;18819;18533;37352;15458;15597;31055
31.12.2000;58-Jährige;60822;59492;120314;70236;68974;139210;23913;23649;47562;16561;17050;33611;4362;4409;8771;11064;11016;22080;35710;34775;70485;10128;10622;20750;46794;45562;92356;102918;104291;207209;21667;21299;42966;5768;6001;11769;27820;29618;57438;16908;17908;34816;18283;18112;36395;14361;14984;29345
31.12.2000;59-Jährige;71429;72179;143608;84228;84665;168893;27556;27496;55052;21004;21568;42572;4915;4915;9830;12571;12403;24974;42861;41735;84596;13193;13724;26917;56818;56064;112882;122180;124013;246193;26552;27175;53727;7487;7694;15181;34675;37200;71875;21045;21844;42889;22253;21760;44013;18408;19392;37800
31.12.2000;60-Jährige;74903;76051;150954;89835;91215;181050;26286;26734;53020;21002;22033;43035;5241;5047;10288;12707;12947;25654;45472;45327;90799;13368;14276;27644;59512;59497;119009;132117;134684;266801;28977;29826;58803;7827;8213;16040;35844;38425;74269;21803;22661;44464;22638;22215;44853;19893;21194;41087
31.12.2000;61-Jährige;73810;74940;148750;88169;90134;178303;24144;24940;49084;20545;21919;42464;4888;5108;9996;11828;12475;24303;43756;43956;87712;13320;14775;28095;58073;58851;116924;129176;132685;261861;28978;29271;58249;7893;8498;16391;35198;38101;73299;21092;22378;43470;22372;22438;44810;19495;20719;40214
31.12.2000;62-Jährige;68441;70904;139345;79594;82534;162128;22083;23361;45444;19043;20467;39510;4720;4957;9677;11364;12030;23394;40100;40665;80765;12791;13788;26579;55742;56449;112191;121888;126777;248665;27088;27680;54768;7513;7907;15420;32179;34889;67068;18989;20579;39568;21185;21104;42289;17291;18352;35643
31.12.2000;63-Jährige;64027;65939;129966;72580;76204;148784;20475;22584;43059;17803;18871;36674;4449;4794;9243;10711;11060;21771;37141;38427;75568;11726;12893;24619;51674;52326;104000;114352;120685;235037;25437;26194;51631;7292;8068;15360;29422;32371;61793;17753;19409;37162;19646;19550;39196;15636;17285;32921
31.12.2000;64-Jährige;61656;64260;125916;69177;74465;143642;19696;21591;41287;17304;18765;36069;4299;4608;8907;10029;11113;21142;36104;37536;73640;11194;12858;24052;48962;51255;100217;110829;117749;228578;24881;26081;50962;7373;8242;15615;28871;32433;61304;17006;19251;36257;18493;18905;37398;15171;17075;32246
31.12.2000;65-Jährige;58536;61742;120278;65207;70973;136180;18965;21230;40195;16968;18579;35547;3850;4462;8312;9733;11019;20752;34205;36140;70345;10891;12445;23336;46704;49256;95960;107035;115146;222181;23847;25079;48926;6776;7380;14156;28832;32244;61076;16415;19051;35466;17199;18094;35293;14590;16855;31445
31.12.2000;66-Jährige;53020;56471;109491;59787;66072;125859;17361;19706;37067;15720;17162;32882;3560;4117;7677;8232;9892;18124;31802;33728;65530;10414;11913;22327;42713;45928;88641;100317;109297;209614;22059;23432;45491;5981;6565;12546;26431;30382;56813;15347;17910;33257;15630;16475;32105;13644;15646;29290
31.12.2000;67-Jährige;44478;47869;92347;50278;56328;106606;12362;14461;26823;11884;13534;25418;2753;3176;5929;6438;7683;14121;25251;27405;52656;8310;9762;18072;32814;36739;69553;78821;87263;166084;17882;19476;37358;5211;5637;10848;20381;24035;44416;12144;14745;26889;11565;12619;24184;10723;12505;23228
31.12.2000;68-Jährige;42944;47649;90593;49448;57494;106942;11435;13561;24996;11613;13297;24910;2556;3434;5990;6021;7513;13534;24389;27457;51846;8291;9811;18102;32619;37514;70133;78274;87518;165792;17695;19500;37195;5176;5885;11061;20096;23898;43994;11890;14574;26464;11034;12525;23559;10633;12778;23411
31.12.2000;69-Jährige;42875;48507;91382;48784;57706;106490;11667;13982;25649;11490;13394;24884;2597;3371;5968;6146;7861;14007;24699;27857;52556;7939;9638;17577;32757;38294;71051;78596;90330;168926;17816;20307;38123;5104;6122;11226;20371;25440;45811;11926;14916;26842;10904;12854;23758;10375;13101;23476
31.12.2000;70-Jährige;43940;50525;94465;50246;60315;110561;11747;14857;26604;11385;14019;25404;2715;3592;6307;6508;8548;15056;25435;30060;55495;7610;9860;17470;33596;40786;74382;82828;96572;179400;18555;21588;40143;5281;6103;11384;21254;27573;48827;11877;15977;27854;11155;13377;24532;10601;14156;24757
31.12.2000;71-Jährige;41229;49036;90265;47711;58717;106428;10930;14575;25505;10273;13278;23551;2658;3521;6179;6298;8309;14607;24908;29293;54201;6885;9186;16071;32028;39252;71280;78490;94005;172495;17569;21244;38813;4890;6060;10950;20139;27360;47499;11114;15512;26626;10826;13233;24059;9837;13682;23519
31.12.2000;72-Jährige;39598;49289;88887;47023;58364;105387;10084;14069;24153;9189;12893;22082;2741;3702;6443;6046;8593;14639;24640;29154;53794;6103;8909;15012;31965;39430;71395;75832;93465;169297;17565;21141;38706;4753;6007;10760;18481;26396;44877;10413;15562;25975;10719;13349;24068;9423;13697;23120
31.12.2000;73-Jährige;34528;46892;81420;41668;56086;97754;8566;13296;21862;7432;11659;19091;2292;3472;5764;5438;8156;13594;21334;28273;49607;4811;8249;13060;28697;38381;67078;66098;89396;155494;15607;20442;36049;4167;5869;10036;15416;24599;40015;8751;14067;22818;9097;12802;21899;8048;12763;20811
31.12.2000;74-Jährige;31585;47280;78865;37946;58178;96124;7605;13755;21360;6421;11636;18057;2132;3564;5696;5043;8384;13427;20127;29032;49159;4051;7863;11914;25680;38634;64314;59189;89336;148525;14069;20852;34921;3808;5712;9520;13697;25328;39025;7525;13970;21495;8164;12995;21159;7023;12960;19983
31.12.2000;75-Jährige;28967;47601;76568;34465;58732;93197;6893;13799;20692;5718;11173;16891;1990;3552;5542;4857;8603;13460;18773;28935;47708;3610;7647;11257;23741;39658;63399;53413;90182;143595;12863;20968;33831;3377;5870;9247;12132;24607;36739;6880;13917;20797;8089;13514;21603;6504;12518;19022
31.12.2000;76-Jährige;23910;44989;68899;29061;56358;85419;5445;12489;17934;4651;10122;14773;1653;3343;4996;4093;8240;12333;15796;28149;43945;3030;6913;9943;20105;37319;57424;45014;86569;131583;10569;20216;30785;3020;5917;8937;10039;22280;32319;5761;12848;18609;6764;12634;19398;5265;11780;17045
31.12.2000;77-Jährige;22628;44686;67314;27875;55713;83588;4539;11348;15887;4087;9467;13554;1614;3397;5011;3868;7607;11475;14320;27441;41761;2765;6514;9279;18321;35732;54053;40260;81080;121340;9945;19325;29270;3060;5993;9053;9439;22198;31637;5189;12317;17506;6538;12347;18885;5041;11272;16313
31.12.2000;78-Jährige;21861;44337;66198;27611;55707;83318;4730;12258;16988;3982;9794;13776;1685;3383;5068;3890;7946;11836;14183;27375;41558;2542;6481;9023;18415;36245;54660;40569;81441;122010;9781;19440;29221;2681;5499;8180;9904;22951;32855;5301;12599;17900;6458;12470;18928;4900;11348;16248
31.12.2000;79-Jährige;21220;45477;66697;26557;56182;82739;4991;13191;18182;4041;10068;14109;1599;3607;5206;3797;8275;12072;13507;27688;41195;2485;6824;9309;17578;36724;54302;37339;80587;117926;9044;18786;27830;2438;5243;7681;10055;24410;34465;5268;12720;17988;6296;13177;19473;4801;11676;16477
31.12.2000;80-Jährige;19197;43405;62602;23741;52632;76373;5131;13505;18636;3656;9535;13191;1465;3437;4902;3699;8318;12017;12515;26419;38934;2200;6264;8464;15579;34283;49862;32474;73959;106433;7928;17219;25147;1977;4507;6484;9186;23954;33140;4727;12311;17038;5725;12555;18280;4291;10909;15200
31.12.2000;81-Jährige;13812;31437;45249;17170;38453;55623;3490;10028;13518;2450;6714;9164;1105;2483;3588;2546;6083;8629;8442;18664;27106;1478;4333;5811;10932;24976;35908;22618;53844;76462;5629;12590;18219;1435;3245;4680;6040;15729;21769;3025;8245;11270;3986;8996;12982;2874;7347;10221
31.12.2000;82-Jährige;8005;19314;27319;10127;23360;33487;2083;6297;8380;1340;3823;5163;694;1526;2220;1550;3657;5207;4970;11321;16291;837;2466;3303;6415;15405;21820;13984;34783;48767;3363;7845;11208;977;2250;3227;3267;8589;11856;1701;4734;6435;2383;5690;8073;1519;3921;5440
31.12.2000;83-Jährige;6923;16818;23741;8812;21410;30222;1775;5532;7307;1183;3421;4604;604;1394;1998;1302;3288;4590;4341;10124;14465;690;2300;2990;5828;13829;19657;12256;31036;43292;3012;6991;10003;790;2037;2827;2645;7318;9963;1441;4182;5623;2171;5122;7293;1251;3561;4812
31.12.2000;84-Jährige;6871;17268;24139;8547;20900;29447;1763;6030;7793;1139;3604;4743;609;1397;2006;1315;3440;4755;4247;10072;14319;728;2336;3064;5601;14527;20128;11870;32214;44084;2902;7155;10057;747;1990;2737;2579;7835;10414;1332;4049;5381;2119;5306;7425;1292;3693;4985
31.12.2000;85-Jährige;7795;20993;28788;9581;24374;33955;2047;7322;9369;1352;4427;5779;679;1707;2386;1599;4261;5860;4785;12317;17102;781;2846;3627;6371;17252;23623;12955;37349;50304;3163;8456;11619;754;2146;2900;3212;10408;13620;1662;5091;6753;2476;6317;8793;1522;4684;6206
31.12.2000;86-Jährige;8886;24616;33502;10657;28619;39276;2231;8337;10568;1479;5343;6822;701;2007;2708;1805;4760;6565;5381;14298;19679;864;3362;4226;7084;20101;27185;13954;42885;56839;3538;9848;13386;814;2522;3336;3536;12131;15667;1825;5973;7798;2500;7131;9631;1688;5456;7144
31.12.2000;87-Jährige;7637;21834;29471;9083;25416;34499;2091;8006;10097;1390;4882;6272;608;1760;2368;1546;4113;5659;4740;12678;17418;761;2999;3760;5914;17720;23634;11615;37815;49430;2856;8566;11422;705;2264;2969;3124;10914;14038;1669;5414;7083;2229;6384;8613;1487;4786;6273
31.12.2000;88-Jährige;6405;18908;25313;7616;21964;29580;1914;7206;9120;1190;4230;5420;514;1506;2020;1317;3791;5108;3866;11135;15001;706;2586;3292;5042;15625;20667;9446;32342;41788;2522;7349;9871;554;1980;2534;2624;9723;12347;1366;4542;5908;1800;5713;7513;1222;4128;5350
31.12.2000;89-Jährige;4978;15192;20170;5638;17260;22898;1516;6171;7687;870;3397;4267;439;1247;1686;1057;3203;4260;3042;8888;11930;490;1970;2460;3868;12225;16093;7204;25889;33093;1854;5774;7628;403;1480;1883;1932;7589;9521;951;3556;4507;1468;4668;6136;875;3045;3920
31.12.2000;90 Jahre und mehr;15399;49591;64990;17662;54963;72625;5199;22525;27724;2740;11655;14395;1402;4141;5543;2673;11318;13991;9851;30517;40368;1556;6317;7873;12631;41295;53926;23462;88834;112296;6409;20749;27158;1244;5021;6265;5966;25006;30972;2889;11663;14552;4885;15840;20725;2560;9740;12300
31.12.2000;Insgesamt;5157408;5367007;10524415;5974283;6255972;12230255;1643534;1738635;3382169;1283432;1318530;2601962;318267;341958;660225;831225;884167;1715392;2973492;3094637;6068129;877698;898005;1775703;3875996;4050197;7926193;8756656;9253209;18009865;1976814;2057743;4034557;518228;550475;1068703;2144676;2280905;4425581;1271259;1344116;2615375;1363617;1426144;2789761;1189951;1241304;2431255
31.12.2007;unter 1 Jahr;47544;45605;93149;54955;52650;107605;16102;14984;31086;9574;9112;18686;2813;2710;5523;8589;8005;16594;27044;25474;52518;6541;6238;12779;33672;31618;65290;77474;73497;150971;16825;15757;32582;3712;3559;7271;17428;16423;33851;8915;8449;17364;11939;11127;23066;8915;8245;17160
31.12.2007;1-Jährige;47536;45272;92808;54661;51721;106382;14999;14401;29400;9490;8837;18327;2819;2571;5390;8250;7635;15885;26227;25231;51458;6448;6151;12599;33893;31864;65757;76884;73148;150032;16564;15465;32029;3813;3409;7222;16687;15828;32515;8804;8081;16885;11928;11196;23124;8452;7877;16329
31.12.2007;2-Jährige;48755;46389;95144;56071;53087;109158;14619;13764;28383;9436;9088;18524;2826;2483;5309;7936;7656;15592;27225;25994;53219;6196;6069;12265;34654;33069;67723;79109;74401;153510;16911;16044;32955;3835;3642;7477;16597;15986;32583;8603;8399;17002;12123;11555;23678;8545;8114;16659
31.12.2007;3-Jährige;50198;47458;97656;56988;54771;111759;14643;13835;28478;9850;9197;19047;2697;2522;5219;7864;7507;15371;27763;26371;54134;6657;6344;13001;36443;34847;71290;81056;77095;158151;17748;16440;34188;3991;3704;7695;16927;16200;33127;8929;8198;17127;12840;12098;24938;8797;8364;17161
31.12.2007;4-Jährige;50923;47591;98514;57843;55304;113147;13969;13308;27277;9960;9301;19261;2690;2604;5294;7641;7274;14915;27535;26333;53868;6509;6222;12731;36659;35070;71729;82228;77824;160052;17905;16902;34807;3920;3725;7645;16285;15693;31978;8588;8077;16665;12947;12307;25254;8483;8264;16747
31.12.2007;5-Jährige;51915;48892;100807;58938;56216;115154;13931;13138;27069;9824;9261;19085;2714;2502;5216;7565;7198;14763;28249;26709;54958;6399;6001;12400;38310;36395;74705;84074;79839;163913;18321;17326;35647;4115;3913;8028;15949;15515;31464;8891;8333;17224;13259;12789;26048;8615;8178;16793
31.12.2007;6-Jährige;52893;50246;103139;60549;56927;117476;13485;12995;26480;9854;9318;19172;2772;2671;5443;7366;7186;14552;28796;27262;56058;6533;6185;12718;39736;37992;77728;86452;82146;168598;19050;17807;36857;4221;4064;8285;16291;15248;31539;8941;8440;17381;13724;13143;26867;8717;8376;17093
31.12.2007;7-Jährige;55347;53109;108456;62849;60231;123080;13829;13300;27129;10255;9876;20131;2945;2775;5720;7582;7017;14599;29613;28830;58443;6642;6238;12880;42057;39724;81781;90311;86266;176577;20062;19127;39189;4405;4325;8730;16542;15853;32395;9269;8571;17840;14517;14051;28568;8679;8372;17051
31.12.2007;8-Jährige;57050;53290;110340;64378;60314;124692;13674;13096;26770;10075;9706;19781;2853;2771;5624;7592;7041;14633;30020;28413;58433;6262;5970;12232;42549;40212;82761;91217;86928;178145;20172;19342;39514;4549;4529;9078;15733;14888;30621;8905;8211;17116;14902;14229;29131;8528;7855;16383
31.12.2007;9-Jährige;58221;55196;113417;66002;62533;128535;13425;12819;26244;9908;9302;19210;3013;2824;5837;7475;7327;14802;30960;29287;60247;6072;5889;11961;44041;41624;85665;94559;89505;184064;20980;20057;41037;4707;4471;9178;14960;14240;29200;8383;8078;16461;15143;14542;29685;8313;7941;16254
31.12.2007;10-Jährige;60587;57532;118119;67692;64214;131906;13723;12889;26612;9633;9183;18816;3132;2865;5997;7710;7375;15085;32020;30240;62260;6175;5744;11919;45671;43676;89347;98646;93696;192342;22063;21059;43122;5093;4919;10012;14397;13843;28240;8335;7806;16141;16060;14964;31024;8263;7920;16183
31.12.2007;11-Jährige;59598;56703;116301;67451;63651;131102;13197;12657;25854;9237;8525;17762;3122;2826;5948;7733;7384;15117;31680;29976;61656;5780;5364;11144;45073;42520;87593;97637;93043;190680;21944;20441;42385;5162;4946;10108;13561;12985;26546;7834;7465;15299;15800;14947;30747;7554;7298;14852
31.12.2007;12-Jährige;58941;55643;114584;66055;62642;128697;12762;12235;24997;8419;7865;16284;2990;2915;5905;7400;6861;14261;30684;29088;59772;5131;4894;10025;43652;41837;85489;95469;90942;186411;21252;20450;41702;5003;4824;9827;12126;11700;23826;7291;6768;14059;15200;14419;29619;7140;6524;13664
31.12.2007;13-Jährige;59528;56242;115770;67575;63797;131372;13002;12036;25038;8021;7570;15591;2974;2809;5783;7598;7049;14647;31049;29719;60768;4847;4515;9362;44721;42603;87324;98049;93057;191106;21979;20897;42876;5185;5096;10281;11824;11163;22987;7077;6702;13779;15516;14535;30051;6476;6210;12686
31.12.2007;14-Jährige;61639;58418;120057;70999;67241;138240;12939;12379;25318;7948;7496;15444;3065;2904;5969;7441;7193;14634;31967;30597;62564;5196;4728;9924;46918;44170;91088;102292;97590;199882;23314;21892;45206;5642;5233;10875;12211;11425;23636;7228;6964;14192;15982;15272;31254;6839;6488;13327
31.12.2007;15-Jährige;62696;58984;121680;71232;68551;139783;13777;12785;26562;8762;8163;16925;3220;2973;6193;7719;7443;15162;32371;31114;63485;5739;5398;11137;47064;44966;92030;105335;99572;204907;23418;22872;46290;5715;5578;11293;13036;12339;25375;8159;7714;15873;16282;15593;31875;7414;7257;14671
31.12.2007;16-Jährige;63785;60860;124645;73443;68958;142401;14250;13479;27729;10360;10252;20612;3325;3152;6477;8097;7764;15861;33049;31721;64770;6853;6614;13467;47910;45517;93427;107489;102605;210094;24342;23106;47448;6013;5607;11620;15968;14924;30892;9625;9134;18759;16825;15747;32572;8826;8512;17338
31.12.2007;17-Jährige;65992;62976;128968;75868;72146;148014;17366;16589;33955;16421;15433;31854;3514;3326;6840;8656;8055;16711;34505;32930;67435;11104;10547;21651;49577;46673;96250;110878;105412;216290;25349;23871;49220;6270;5913;12183;24420;23174;47594;15282;14143;29425;17130;16286;33416;13939;13289;27228
31.12.2007;18-Jährige;64404;61783;126187;73398;70391;143789;18033;17545;35578;17603;16723;34326;3461;3496;6957;8462;8273;16735;33828;32669;66497;12235;11195;23430;48032;45301;93333;107706;103411;211117;24566;23370;47936;6053;5775;11828;26352;24540;50892;15970;14654;30624;16558;15864;32422;14752;13739;28491
31.12.2007;19-Jährige;66728;64460;131188;75643;72467;148110;19423;19186;38609;18649;16767;35416;3750;3790;7540;9171;9202;18373;34738;33678;68416;12949;11676;24625;49039;46053;95092;110289;105818;216107;25128;24135;49263;6171;5878;12049;27829;25781;53610;17004;15466;32470;17032;16193;33225;15817;14525;30342
31.12.2007;20-Jährige;64796;62378;127174;74078;71306;145384;20214;20932;41146;18282;16137;34419;3844;4157;8001;9256;9928;19184;33902;33226;67128;13454;11801;25255;47283;44687;91970;108257;103535;211792;24307;23853;48160;6125;5775;11900;29003;26646;55649;17383;15622;33005;16302;15377;31679;16292;14793;31085
31.12.2007;21-Jährige;64695;63257;127952;74839;73012;147851;20985;21947;42932;17141;15090;32231;4114;4367;8481;10129;10633;20762;33275;33403;66678;12495;11001;23496;46059;43528;89587;106166;103536;209702;24213;23667;47880;6083;5808;11891;28403;26333;54736;16813;14829;31642;15391;15050;30441;16097;14234;30331
31.12.2007;22-Jährige;62879;61700;124579;72067;71607;143674;21610;22968;44578;17401;14441;31842;4143;4405;8548;10451;11552;22003;32969;32864;65833;12547;10856;23403;43778;42598;86376;101922;100464;202386;23185;22633;45818;5826;5521;11347;29312;26145;55457;16615;14515;31130;14367;14335;28702;16024;13896;29920
31.12.2007;23-Jährige;63577;62551;126128;73212;72916;146128;22851;24003;46854;16295;13766;30061;4204;4548;8752;11174;12017;23191;33581;33784;67365;12007;10343;22350;43688;41889;85577;102456;100840;203296;23191;23292;46483;5820;5534;11354;29066;26311;55377;16476;14249;30725;14663;14033;28696;16062;13902;29964
31.12.2007;24-Jährige;64066;64253;128319;74990;74334;149324;24041;25004;49045;15996;13573;29569;4558;4816;9374;12108;12883;24991;34048;34536;68584;11997;10194;22191;43942;43013;86955;103915;102940;206855;23449;23091;46540;5896;5621;11517;29089;26256;55345;16596;14095;30691;14728;14364;29092;16040;13647;29687
31.12.2007;25-Jährige;66685;66340;133025;77249;77422;154671;25845;26431;52276;16218;13376;29594;4705;4906;9611;12957;14019;26976;35606;36563;72169;11859;10156;22015;44940;44136;89076;107655;105934;213589;24109;23820;47929;6131;5886;12017;29939;26297;56236;16080;13645;29725;15029;15024;30053;16534;13796;30330
31.12.2007;26-Jährige;66616;67299;133915;77917;78553;156470;26325;27613;53938;15434;13033;28467;4834;4652;9486;13310;15081;28391;36229;36932;73161;11278;9437;20715;45455;44575;90030;106421;106570;212991;24009;23557;47566;6181;5743;11924;29027;25159;54186;15800;12967;28767;15165;15131;30296;15706;13414;29120
31.12.2007;27-Jährige;67848;68095;135943;78504;78754;157258;27509;27996;55505;15707;13423;29130;4771;4564;9335;14229;15283;29512;36881;37672;74553;11436;9835;21271;45337;44848;90185;107888;107745;215633;23259;23444;46703;6164;5691;11855;29236;25606;54842;15746;13010;28756;15194;15269;30463;16155;13306;29461
31.12.2007;28-Jährige;64069;64173;128242;75539;75599;151138;26631;26635;53266;14992;13013;28005;4395;4243;8638;14063;14574;28637;35425;36625;72050;11050;9140;20190;43651;42886;86537;102395;102426;204821;22367;22149;44516;5610;5618;11228;28469;24332;52801;14746;12167;26913;14537;14722;29259;15297;12706;28003
31.12.2007;29-Jährige;62887;62775;125662;74869;74759;149628;26542;25618;52160;14671;13076;27747;4350;4137;8487;14313;14122;28435;35620;36564;72184;10923;9141;20064;43349;42572;85921;101320;101331;202651;22009;21927;43936;5480;5464;10944;28226;24391;52617;14579;12282;26861;14673;14747;29420;14451;12198;26649
31.12.2007;30-Jährige;62703;63072;125775;74918;74412;149330;25920;24917;50837;14157;12796;26953;4179;4111;8290;14387;13835;28222;35163;36388;71551;10541;8841;19382;43143;42420;85563;102060;101471;203531;21617;21819;43436;5478;5357;10835;27545;23488;51033;13683;11862;25545;14724;14765;29489;14133;11958;26091
31.12.2007;31-Jährige;64134;63171;127305;75109;73955;149064;25177;24224;49401;13105;11625;24730;4296;4058;8354;14687;13809;28496;35980;36758;72738;9042;7688;16730;43681;43193;86874;102534;102734;205268;21719;21453;43172;5352;5089;10441;24046;21144;45190;12236;10685;22921;14883;15133;30016;12526;10704;23230
31.12.2007;32-Jährige;62781;62221;125002;73707;73153;146860;24558;23073;47631;12386;11233;23619;4104;3922;8026;14499;13187;27686;35573;35731;71304;8550;7319;15869;42916;42069;84985;100516;100162;200678;21141;21177;42318;5325;5056;10381;23076;19951;43027;11704;10063;21767;14993;14686;29679;12107;10006;22113
31.12.2007;33-Jährige;63984;64333;128317;75519;74822;150341;23876;22397;46273;12476;11520;23996;4162;3856;8018;14187;12670;26857;36260;36321;72581;8388;7132;15520;43803;43897;87700;101663;102389;204052;21674;21668;43342;5391;5188;10579;23005;19642;42647;11652;10346;21998;15462;15068;30530;12557;10366;22923
31.12.2007;34-Jährige;64496;64443;128939;76019;74675;150694;23312;22058;45370;12813;11928;24741;4108;3998;8106;13439;12749;26188;36773;36746;73519;8575;7472;16047;45228;44884;90112;103582;103327;206909;22280;22240;44520;5264;5231;10495;23108;20037;43145;12418;10710;23128;15654;15655;31309;12842;10938;23780
31.12.2007;35-Jährige;71146;70462;141608;83505;81834;165339;24539;22667;47206;14650;13316;27966;4366;4268;8634;14490;13294;27784;39704;40217;79921;9250;8261;17511;50217;49684;99901;114672;113152;227824;24502;24517;49019;5832;5787;11619;25492;22052;47544;14081;12535;26616;17767;17503;35270;14535;12090;26625
31.12.2007;36-Jährige;77723;75529;153252;90992;88852;179844;27242;24829;52071;17326;15863;33189;4739;4449;9188;15303;13742;29045;44170;43421;87591;10967;9756;20723;55246;54889;110135;125040;123861;248901;27033;26897;53930;6512;6527;13039;29822;26283;56105;16927;15063;31990;20230;19811;40041;16318;14037;30355
31.12.2007;37-Jährige;81174;78953;160127;95801;92947;188748;27791;25299;53090;17840;16735;34575;5083;4490;9573;15584;13815;29399;46587;45398;91985;11254;10277;21531;59042;58169;117211;133033;129886;262919;28944;28207;57151;6766;6627;13393;30205;26641;56846;16999;15561;32560;21798;20737;42535;16649;14781;31430
31.12.2007;38-Jährige;87921;84632;172553;104186;99879;204065;29091;26362;55453;18663;17715;36378;5196;4824;10020;16353;14419;30772;50191;48310;98501;11762;10655;22417;64393;62800;127193;145662;141732;287394;31690;30553;62243;7648;7541;15189;30015;27034;57049;17434;16302;33736;24382;22887;47269;16868;15188;32056
31.12.2007;39-Jährige;92623;89046;181669;109072;104215;213287;30145;27694;57839;19561;18808;38369;5621;5134;10755;17627;15286;32913;53001;50696;103697;12401;11544;23945;68079;65568;133647;152445;148282;300727;33316;32035;65351;8173;7914;16087;30825;27815;58640;18105;16710;34815;25836;24655;50491;16994;15560;32554
31.12.2007;40-Jährige;95007;90745;185752;111764;106702;218466;30391;28133;58524;21192;20099;41291;5715;5064;10779;17404;15538;32942;53466;51634;105100;13024;12273;25297;69458;67769;137227;156309;151640;307949;34243;32907;67150;8486;8195;16681;31765;28875;60640;18607;17631;36238;26695;25292;51987;17409;16275;33684
31.12.2007;41-Jährige;97450;92866;190316;113071;108146;221217;31724;29811;61535;22550;21782;44332;5982;5116;11098;17434;15591;33025;55202;52990;108192;14138;13193;27331;71706;68497;140203;159953;154559;314512;35582;33684;69266;8709;8484;17193;33176;31038;64214;19612;18544;38156;26825;25184;52009;18872;17400;36272
31.12.2007;42-Jährige;97562;92375;189937;113642;106809;220451;33319;30479;63798;24108;22597;46705;5736;5277;11013;17009;15080;32089;55521;52997;108518;15083;14000;29083;71571;67571;139142;160776;154308;315084;35777;33923;69700;8741;8835;17576;34860;32280;67140;20543;19383;39926;25980;24859;50839;19369;18119;37488
31.12.2007;43-Jährige;99397;93495;192892;114387;108989;223376;33591;31265;64856;25082;23625;48707;5683;5081;10764;17135;15414;32549;56078;53701;109779;15880;14732;30612;71317;68136;139453;162880;156098;318978;36454;34695;71149;8968;9137;18105;36003;34006;70009;21289;20482;41771;26177;24851;51028;20396;19181;39577
31.12.2007;44-Jährige;97890;92495;190385;112694;108470;221164;33329;31007;64336;26018;24649;50667;5280;5112;10392;16363;14711;31074;55585;53350;108935;16571;15337;31908;70839;67696;138535;160246;154146;314392;36647;34829;71476;9212;9107;18319;36694;34153;70847;22273;21125;43398;25228;24279;49507;20825;19718;40543
31.12.2007;45-Jährige;95075;89720;184795;109228;105339;214567;31690;29651;61341;25979;24372;50351;5309;5113;10422;14924;13873;28797;53418;51047;104465;16434;15414;31848;67956;65982;133938;153726;148975;302701;35349;34047;69396;9032;9006;18038;36265;33720;69985;21647;21087;42734;24087;23558;47645;20667;19585;40252
31.12.2007;46-Jährige;92630;89196;181826;107571;103999;211570;30032;28094;58126;25596;24239;49835;5065;4969;10034;14035;13395;27430;51388;50274;101662;16689;15572;32261;67339;65135;132474;150129;147310;297439;35193;34054;69247;9288;8989;18277;35729;34129;69858;21869;20992;42861;23295;23041;46336;21078;20245;41323
31.12.2007;47-Jährige;89714;86753;176467;103352;100550;203902;28796;26722;55518;24674;23471;48145;4963;4902;9865;14299;12970;27269;50381;48896;99277;16361;15321;31682;65175;63449;128624;148238;145448;293686;34264;33856;68120;8747;8891;17638;34428;32574;67002;21141;20367;41508;22200;22203;44403;20207;19245;39452
31.12.2007;48-Jährige;85990;82740;168730;100294;96574;196868;27345;25708;53053;24311;22766;47077;4815;4857;9672;12813;12347;25160;48737;47043;95780;15881;15019;30900;62817;61177;123994;143544;141476;285020;33570;32481;66051;9167;8757;17924;33860;32705;66565;20600;20178;40778;21428;21480;42908;20091;19294;39385
31.12.2007;49-Jährige;82231;79036;161267;95536;92487;188023;24880;23764;48644;22395;20935;43330;4658;4750;9408;12140;11879;24019;46604;45065;91669;15124;14160;29284;59710;57875;117585;137502;135121;272623;31803;30826;62629;8837;8538;17375;31292;30347;61639;19536;18983;38519;20365;20250;40615;18683;17974;36657
31.12.2007;50-Jährige;79956;76764;156720;92657;90069;182726;23955;22856;46811;21871;20334;42205;4576;4719;9295;11561;11501;23062;45522;44117;89639;14772;13766;28538;58274;57214;115488;135110;132667;267777;31837;30625;62462;8549;8268;16817;31064;30343;61407;19097;18943;38040;19735;20219;39954;18666;17999;36665
31.12.2007;51-Jährige;77918;75743;153661;89372;86930;176302;23330;22667;45997;21621;20356;41977;4472;4602;9074;10940;10955;21895;43708;43079;86787;14666;14064;28730;56637;55237;111874;130322;128729;259051;30490;29617;60107;8294;8108;16402;31744;30885;62629;19110;19352;38462;18760;18953;37713;19016;18413;37429
31.12.2007;52-Jährige;73473;72287;145760;84119;83061;167180;22948;22652;45600;21904;20625;42529;4378;4576;8954;10593;10557;21150;41914;41557;83471;14746;14141;28887;54379;53089;107468;124471;125232;249703;29439;28841;58280;7868;7740;15608;32529;32082;64611;20113;19459;39572;18418;18498;36916;19051;18685;37736
31.12.2007;53-Jährige;70197;71139;141336;81849;82134;163983;22295;22501;44796;21258;20586;41844;4251;4425;8676;10060;10277;20337;40812;41143;81955;14762;14025;28787;52860;53047;105907;121748;124248;245996;29268;28615;57883;7902;7843;15745;32135;32105;64240;19763;19190;38953;18209;18546;36755;18727;18439;37166
31.12.2007;54-Jährige;67062;68954;136016;78508;79612;158120;21964;22391;44355;20976;20353;41329;4071;4311;8382;9559;9883;19442;39228;39800;79028;14333;13851;28184;51097;51088;102185;115539;119033;234572;28078;27848;55926;7712;7736;15448;32283;32416;64699;19486;19615;39101;17669;17776;35445;18770;18320;37090
31.12.2007;55-Jährige;67827;68993;136820;78765;80674;159439;21227;22459;43686;20359;19959;40318;4089;4322;8411;9698;10136;19834;39394;40397;79791;13827;13616;27443;51874;51726;103600;114968;119018;233986;28178;27713;55891;7682;7512;15194;33100;32749;65849;19403;19547;38950;17600;17909;35509;18496;18076;36572
31.12.2007;56-Jährige;65711;67001;132712;76543;78221;154764;21421;22895;44316;20052;19192;39244;4123;4307;8430;9375;10071;19446;38770;39889;78659;13416;13079;26495;51370;50991;102361;111068;115047;226115;27704;27089;54793;7333;7418;14751;33382;33948;67330;18390;18825;37215;17685;17893;35578;18386;18140;36526
31.12.2007;57-Jährige;65863;68183;134046;77968;79479;157447;22294;24188;46482;18696;18336;37032;4158;4415;8573;9805;10661;20466;39937;41025;80962;12480;12122;24602;52035;51417;103452;112531;115766;228297;28127;27445;55572;7637;7558;15195;32069;32530;64599;18325;18465;36790;17863;18203;36066;17300;17491;34791
31.12.2007;58-Jährige;65354;66182;131536;76140;77648;153788;21148;22246;43394;15779;15577;31356;4244;4401;8645;9870;10426;20296;39981;40561;80542;10690;10591;21281;51370;50646;102016;112476;114605;227081;27317;26959;54276;7855;7604;15459;28074;28623;56697;16059;16734;32793;17942;18097;36039;15651;15375;31026
31.12.2007;59-Jährige;61493;61225;122718;73348;74070;147418;19657;20334;39991;13562;13493;27055;4006;4032;8038;9779;10203;19982;38108;37969;76077;9348;9223;18571;47782;47204;94986;103294;105932;209226;23678;23222;46900;6803;6763;13566;22433;23093;45526;13634;14158;27792;17613;18033;35646;13384;13532;26916
31.12.2007;60-Jährige;57211;57266;114477;71912;72823;144735;18242;19156;37398;12896;13182;26078;3760;3969;7729;9403;9611;19014;35343;35993;71336;8640;8700;17340;43430;43712;87142;95324;97822;193146;21067;20922;41989;5477;5541;11018;21964;23530;45494;13211;13974;27185;16549;16903;33452;12669;12916;25585
31.12.2007;61-Jährige;49977;50384;100361;63231;65050;128281;14900;14649;29549;8726;8935;17661;3766;3845;7611;8787;8991;17778;30402;30907;61309;5775;5692;11467;40700;41390;82090;87049;90256;177305;18902;18726;37628;4405;4588;8993;16761;17592;34353;10851;11306;22157;15491;15957;31448;10282;10985;21267
31.12.2007;62-Jährige;43131;44139;87270;51417;52737;104154;16178;16913;33091;10017;10854;20871;3060;3182;6242;7799;8209;16008;25441;26084;51525;6003;6381;12384;32379;32831;65210;73440;77902;151342;15638;16120;31758;4083;4261;8344;19416;21192;40608;10799;11600;22399;12593;13570;26163;9707;10313;20020
31.12.2007;63-Jährige;55701;56749;112450;66375;67744;134119;21218;22059;43277;15155;16191;31346;3846;3933;7779;9686;10201;19887;33892;34602;68494;9007;9582;18589;42663;44445;87108;94161;99647;193808;20508;21076;41584;5501;5846;11347;28314;30711;59025;15123;16337;31460;17000;17754;34754;14097;14942;29039
31.12.2007;64-Jährige;55587;57993;113580;66364;67940;134304;21959;23181;45140;16399;17303;33702;4049;4031;8080;9762;10165;19927;33739;34088;67827;9796;10592;20388;44651;45468;90119;94602;100276;194878;20556;20955;41511;5361;5716;11077;27894;30608;58502;15736;16876;32612;17741;18338;36079;14254;15117;29371
31.12.2007;65-Jährige;55227;56670;111897;64368;66494;130862;20968;22076;43044;15604;17003;32607;3861;4127;7988;9585;10022;19607;31885;32646;64531;9446;10414;19860;43575;44558;88133;92013;98302;190315;19994;20691;40685;5228;5720;10948;25614;28685;54299;15278;17038;32316;17237;17812;35049;13112;14453;27565
31.12.2007;66-Jährige;64736;68904;133640;76902;81595;158497;23876;25558;49434;19631;21197;40828;4342;4615;8957;10781;11314;22095;38022;39264;77286;12145;13378;25523;52331;54480;106811;108494;116844;225338;24370;26140;50510;6640;7308;13948;31802;35861;67663;18720;20720;39440;20733;21342;42075;16784;18630;35414
31.12.2007;67-Jährige;67358;72353;139711;81122;87541;168663;22678;24716;47394;19453;21478;40931;4563;4753;9316;10746;11829;22575;39930;42495;82425;12151;13811;25962;54294;57454;111748;116065;126793;242858;26216;28652;54868;6896;7775;14671;32524;36862;69386;19270;21353;40623;20830;21620;42450;17818;20245;38063
31.12.2007;68-Jährige;65930;71302;137232;78969;86094;165063;20748;23145;43893;18753;21111;39864;4198;4773;8971;9969;11407;21376;38353;41265;79618;11924;14185;26109;52640;56443;109083;112618;124566;237184;26052;27957;54009;6920;8063;14983;31538;36345;67883;18481;21022;39503;20375;21553;41928;17333;19633;36966
31.12.2007;69-Jährige;60632;67119;127751;70786;78424;149210;19003;21615;40618;17077;19631;36708;4034;4644;8678;9442;10907;20349;34854;37980;72834;11288;13126;24414;49801;54020;103821;105503;118453;223956;24125;26196;50321;6533;7426;13959;28638;33076;61714;16358;19207;35565;19052;20290;39342;15127;17183;32310
31.12.2007;70-Jährige;56110;62081;118191;63833;72026;135859;17293;20830;38123;15671;17933;33604;3730;4411;8141;8971;10060;19031;32073;35630;67703;10113;12138;22251;45476;49478;94954;97854;112221;210075;22291;24756;47047;6208;7524;13732;25786;30512;56298;15141;17993;33134;17379;18583;35962;13509;16115;29624
31.12.2007;71-Jährige;53447;60130;113577;59747;69831;129578;16472;19676;36148;14979;17527;32506;3592;4241;7833;8323;10019;18342;30777;34571;65348;9472;12070;21542;42475;48165;90640;93462;108685;202147;21497;24480;45977;6179;7546;13725;24779;30280;55059;14185;17642;31827;16176;17769;33945;12954;15835;28789
31.12.2007;72-Jährige;50214;57329;107543;55464;66017;121481;15568;19259;34827;14412;17172;31584;3167;4058;7225;7816;9826;17642;28670;33075;61745;9171;11489;20660;39790;45628;85418;88669;105069;193738;20185;23252;43437;5623;6706;12329;24611;29753;54364;13377;17216;30593;14792;16884;31676;12144;15370;27514
31.12.2007;73-Jährige;44593;51903;96496;50631;62023;112654;14146;17745;31891;12901;15676;28577;2854;3754;6608;6524;8697;15221;26166;30552;56718;8474;10791;19265;35651;42109;77760;81539;98384;179923;18272;21411;39683;4806;5885;10691;21988;27784;49772;12213;16068;28281;13264;15181;28445;11107;14173;25280
31.12.2007;74-Jährige;36800;43556;80356;41878;52070;93948;9858;12848;22706;9590;12222;21812;2191;2807;4998;5041;6675;11716;20389;24491;44880;6616;8709;15325;26777;33343;60120;62777;77773;140550;14490;17571;32061;4064;4970;9034;16624;21692;38316;9466;12923;22389;9552;11514;21066;8514;11118;19632
31.12.2007;75-Jährige;34954;42751;77705;39731;51699;91430;8908;11845;20753;9199;11899;21098;1994;3009;5003;4663;6439;11102;19253;24271;43524;6417;8646;15063;26038;33581;59619;61134;77276;138410;14144;17356;31500;4057;5180;9237;15864;21280;37144;9126;12628;21754;8929;11313;20242;8288;11234;19522
31.12.2007;76-Jährige;34180;42978;77158;38997;52171;91168;8892;12040;20932;8851;11639;20490;1968;2912;4880;4619;6723;11342;19138;24336;43474;5981;8317;14298;25636;33850;59486;59614;78516;138130;13796;17837;31633;3850;5269;9119;15685;22241;37926;8880;12699;21579;8616;11460;20076;7789;11278;19067
31.12.2007;77-Jährige;33949;44466;78415;38336;52586;90922;8869;12554;21423;8599;12141;20740;2004;3030;5034;4793;7102;11895;19174;25889;45063;5675;8387;14062;25703;35580;61283;61159;82536;143695;13906;18552;32458;3903;5106;9009;16047;23846;39893;8528;13350;21878;8590;11663;20253;7827;12019;19846
31.12.2007;78-Jährige;31110;42354;73464;35980;50867;86847;7932;12085;20017;7469;11310;18779;1962;2949;4911;4445;6868;11313;18186;24703;42889;4935;7667;12602;23632;33491;57123;55675;78735;134410;12751;17898;30649;3417;5002;8419;14730;23195;37925;7726;12683;20409;8081;11291;19372;6964;11351;18315
31.12.2007;79-Jährige;28979;41541;70520;33833;48840;82673;7167;11435;18602;6516;10656;17172;1949;2973;4922;4200;6892;11092;17608;23884;41492;4240;7307;11547;22724;33124;55848;52652;76445;129097;12375;17405;29780;3259;4854;8113;13060;21891;34951;7025;12379;19404;7744;11252;18996;6479;11057;17536
31.12.2007;80-Jährige;24560;38592;63152;29582;46753;76335;5881;10451;16332;5140;9382;14522;1578;2760;4338;3628;6349;9977;14911;22732;37643;3240;6609;9849;19882;31465;51347;44507;71338;115845;10777;16344;27121;2759;4604;7363;10570;19784;30354;5691;10923;16614;6351;10473;16824;5368;10072;15440
31.12.2007;81-Jährige;21800;37746;59546;25686;46183;71869;5092;10627;15719;4222;9080;13302;1417;2747;4164;3290;6340;9630;13428;22613;36041;2637;6015;8652;17199;30323;47522;38305;68973;107278;9228;16338;25566;2448;4322;6770;9096;19912;29008;4767;10440;15207;5614;10313;15927;4545;9932;14477
31.12.2007;82-Jährige;19154;37043;56197;22424;44969;67393;4456;10147;14603;3579;8418;11997;1258;2628;3886;2960;6281;9241;11930;21889;33819;2262;5657;7919;15226;30404;45630;33095;67011;100106;8032;15728;23760;2012;4257;6269;7736;18621;26357;4148;9966;14114;5195;10430;15625;3921;9104;13025
31.12.2007;83-Jährige;15247;33510;48757;17907;41428;59335;3353;9018;12371;2791;7388;10179;1013;2390;3403;2439;5848;8287;9628;20523;30151;1759;4928;6687;12321;27315;39636;26586;61941;88527;6253;14611;20864;1784;4097;5881;6104;16125;22229;3288;8846;12134;4232;9397;13629;3006;8257;11263
31.12.2007;84-Jährige;13442;31855;45297;16019;39004;55023;2582;7749;10331;2350;6569;8919;945;2325;3270;2149;5169;7318;8138;19102;27240;1500;4410;5910;10533;25005;35538;22460;55133;77593;5609;13227;18836;1578;3938;5516;5390;15389;20779;2706;8074;10780;3766;8811;12577;2697;7475;10172
31.12.2007;85-Jährige;12301;29739;42040;14915;36882;51797;2619;8052;10671;2084;6532;8616;933;2172;3105;2155;5000;7155;7723;17772;25495;1298;4103;5401;9794;24245;34039;20962;52444;73406;5153;12573;17726;1303;3460;4763;5397;15102;20499;2656;7792;10448;3511;8457;11968;2475;7055;9530
31.12.2007;86-Jährige;11102;29009;40111;13507;34742;48249;2546;8254;10800;2020;6213;8233;846;2256;3102;1867;5021;6888;6730;16999;23729;1124;4012;5136;8903;22966;31869;17835;48713;66548;4388;11489;15877;1106;3032;4138;5010;15160;20170;2356;7388;9744;3205;8377;11582;2164;6893;9057
31.12.2007;87-Jährige;9134;25794;34928;11017;30257;41274;2420;7727;10147;1595;5416;7011;675;1973;2648;1685;4679;6364;5764;15095;20859;937;3436;4373;7195;19848;27043;14565;41260;55825;3580;9622;13202;831;2358;3189;4198;13812;18010;1955;6564;8519;2714;7455;10169;1803;5820;7623
31.12.2007;88-Jährige;6135;17311;23446;7451;20430;27881;1558;5484;7042;969;3543;4512;517;1374;1891;1087;3261;4348;3494;9946;13440;628;2155;2783;4537;13529;18066;9239;28111;37350;2356;6454;8810;558;1612;2170;2534;8363;10897;1147;4094;5241;1690;4910;6600;1073;3575;4648
31.12.2007;89-Jährige;3322;9740;13062;4044;11511;15555;804;3162;3966;485;1900;2385;296;757;1053;658;1767;2425;1981;5628;7609;317;1141;1458;2527;7558;10085;5196;16484;21680;1304;3832;5136;343;1004;1347;1208;4113;5321;586;2173;2759;973;2884;3857;501;1762;2263
31.12.2007;90 Jahre und mehr;17883;53435;71318;18479;52423;70902;5352;20063;25415;2473;11466;13939;1495;4035;5530;3397;10287;13684;11609;30559;42168;1505;6759;8264;14595;41349;55944;26657;86445;113102;7968;21149;29117;1493;4972;6465;5005;24167;29172;2555;11315;13870;5704;15946;21650;2335;9992;12327
31.12.2007;Insgesamt;5282789;5466966;10749755;6136397;6383935;12520332;1672226;1744029;3416255;1255982;1279755;2535737;321904;341178;663082;865859;904770;1770629;2972646;3099909;6072555;832745;846937;1679682;3911545;4060139;7971684;8774797;9221824;17996621;1984688;2060955;4045643;504079;532519;1036598;2060804;2159396;4220200;1179952;1232520;2412472;1388938;1448435;2837373;1128941;1160278;2289219
31.12.2014;unter 1 Jahr;49584;46727;96311;58878;55460;114338;18965;18230;37195;10055;9477;19532;3182;2913;6095;9559;9214;18773;27878;26840;54718;6555;6310;12865;34402;32272;66674;79515;75492;155007;17201;16431;33632;3740;3555;7295;18375;17602;35977;8862;8318;17180;11633;11268;22901;9179;8747;17926
31.12.2014;1-Jährige;48446;45680;94126;57085;54743;111828;17964;16864;34828;9886;9387;19273;2885;2786;5671;8946;8669;17615;27096;26011;53107;6535;6292;12827;33143;31567;64710;76840;72450;149290;16892;16062;32954;3614;3325;6939;18293;17034;35327;8705;8377;17082;11588;11017;22605;9097;8636;17733
31.12.2014;2-Jährige;47685;45359;93044;57114;53726;110840;17796;16686;34482;10182;9793;19975;2839;2756;5595;8701;8116;16817;27245;25749;52994;6690;6393;13083;33041;31329;64370;76738;73219;149957;16729;15795;32524;3594;3434;7028;18144;17338;35482;8798;8466;17264;11994;11201;23195;9026;8693;17719
31.12.2014;3-Jährige;47055;44985;92040;55201;52080;107281;16784;15840;32624;10160;9707;19867;2709;2502;5211;8075;7782;15857;27142;25756;52898;6676;6324;13000;32702;31137;63839;75018;71567;146585;16779;15912;32691;3728;3477;7205;17995;17000;34995;8765;8261;17026;11490;11031;22521;8919;8550;17469
31.12.2014;4-Jährige;48725;46044;94769;55693;53223;108916;16691;15994;32685;10822;10054;20876;2821;2693;5514;8250;7849;16099;27308;26339;53647;6954;6667;13621;34052;32167;66219;77566;73471;151037;17130;16219;33349;3619;3582;7201;18068;17509;35577;8831;8529;17360;12222;11623;23845;9096;8788;17884
31.12.2014;5-Jährige;48108;45730;93838;55275;52308;107583;16219;15615;31834;10502;9965;20467;2833;2645;5478;8086;7530;15616;27089;25680;52769;6775;6603;13378;33948;31868;65816;76349;72500;148849;16837;15893;32730;3591;3475;7066;17828;16700;34528;8855;8399;17254;12158;11314;23472;8670;8503;17173
31.12.2014;6-Jährige;49180;47114;96294;56621;53884;110505;16235;15165;31400;10876;10358;21234;2751;2698;5449;8066;7641;15707;27659;26421;54080;6866;6617;13483;34819;33067;67886;79197;75029;154226;17534;16508;34042;3800;3563;7363;17864;17004;34868;9066;8665;17731;12315;11945;24260;9050;8602;17652
31.12.2014;7-Jährige;49334;47629;96963;56443;54075;110518;15758;14757;30515;10757;10132;20889;2842;2771;5613;8003;7457;15460;27926;26239;54165;6679;6317;12996;35422;33072;68494;79254;75130;154384;17580;16415;33995;3778;3560;7338;17454;16498;33952;8788;8384;17172;12692;11936;24628;8942;8310;17252
31.12.2014;8-Jährige;49111;46897;96008;55813;52711;108524;14702;14251;28953;10343;9640;19983;2796;2632;5428;7795;7210;15005;27130;25969;53099;6525;6125;12650;35126;33012;68138;78759;74774;153533;17198;16090;33288;3875;3453;7328;16586;15792;32378;8652;7836;16488;12539;11831;24370;8462;7855;16317
31.12.2014;9-Jährige;50207;47921;98128;56894;53835;110729;14447;13614;28061;10129;9675;19804;2858;2513;5371;7706;7318;15024;27948;26495;54443;6199;6124;12323;35764;34010;69774;80321;75706;156027;17511;16597;34108;3858;3711;7569;16583;15928;32511;8432;8249;16681;12538;11989;24527;8483;8060;16543
31.12.2014;10-Jährige;51726;48773;100499;57834;55891;113725;14438;13720;28158;10484;9750;20234;2772;2560;5332;7656;7237;14893;28404;26884;55288;6605;6308;12913;37218;35578;72796;82454;78296;160750;18234;16898;35132;4024;3715;7739;16784;16070;32854;8648;8072;16720;13302;12525;25827;8823;8339;17162
31.12.2014;11-Jährige;52170;48796;100966;58649;56295;114944;13767;13151;26918;10429;9682;20111;2741;2685;5426;7499;7011;14510;28129;26935;55064;6482;6183;12665;37510;35887;73397;83494;78846;162340;18352;17411;35763;3983;3720;7703;16146;15584;31730;8427;7842;16269;13336;12723;26059;8498;8159;16657
31.12.2014;12-Jährige;53106;49972;103078;59842;57214;117056;13828;13046;26874;10200;9704;19904;2805;2595;5400;7293;7021;14314;28900;26985;55885;6434;5964;12398;39018;37003;76021;85380;80835;166215;18705;17749;36454;4194;3907;8101;15835;15373;31208;8709;8075;16784;13695;13092;26787;8488;8102;16590
31.12.2014;13-Jährige;54310;51258;105568;61926;57999;119925;13496;13147;26643;10213;9572;19785;2898;2715;5613;7467;7098;14565;29638;27689;57327;6515;6153;12668;40366;38705;79071;87716;82952;170668;19495;18310;37805;4309;4075;8384;16138;15110;31248;8711;8229;16940;14147;13583;27730;8644;8281;16925
31.12.2014;14-Jährige;56832;54083;110915;64293;61305;125598;13865;13288;27153;10589;10224;20813;3041;2833;5874;7811;7125;14936;30683;29092;59775;6625;6246;12871;42725;40383;83108;91812;87054;178866;20435;19450;39885;4493;4305;8798;16473;15694;32167;9033;8306;17339;14929;14407;29336;8666;8256;16922
31.12.2014;15-Jährige;58130;54406;112536;66131;61828;127959;13528;13036;26564;10389;9849;20238;2981;2974;5955;7627;7104;14731;30822;29016;59838;6245;5974;12219;43051;40775;83826;92273;87686;179959;20591;19776;40367;4570;4529;9099;15583;14849;30432;8725;7963;16688;15377;14563;29940;8496;7814;16310
31.12.2014;16-Jährige;59792;56326;116118;68309;63887;132196;13670;13138;26808;10152;9562;19714;3222;2928;6150;7805;7389;15194;32001;29823;61824;6075;5858;11933;44439;42300;86739;95778;90417;186195;21473;20613;42086;4828;4492;9320;14868;14243;29111;8228;7906;16134;15456;14885;30341;8266;7870;16136
31.12.2014;17-Jährige;62150;58761;120911;69992;66048;136040;14029;13246;27275;9826;9418;19244;3411;3053;6464;8402;7724;16126;33297;31131;64428;6123;5714;11837;46148;44173;90321;99944;94462;194406;22609;21375;43984;5192;4946;10138;14377;13816;28193;8144;7613;15757;16387;15119;31506;8200;7807;16007
31.12.2014;18-Jährige;62247;58557;120804;69839;65564;135403;13971;13706;27677;9419;8447;17866;3509;3149;6658;8554;7918;16472;33358;30837;64195;5835;5412;11247;45776;42819;88595;100265;93960;194225;22624;21132;43756;5325;4940;10265;14032;13326;27358;7881;7309;15190;16227;15323;31550;7659;7299;14958
31.12.2014;19-Jährige;62935;58471;121406;70092;65550;135642;14532;14614;29146;8395;7360;15755;3426;3440;6866;8413;8032;16445;32870;30602;63472;5319;5025;10344;44466;41571;86037;99116;92647;191763;22206;21123;43329;5192;4791;9983;13573;12715;26288;7567;6866;14433;15598;14804;30402;7320;6641;13961
31.12.2014;20-Jährige;64885;59864;124749;72821;68305;141126;15724;16025;31749;7799;6780;14579;3752;3749;7501;8995;9043;18038;34043;32112;66155;5139;4854;9993;45123;41864;86987;102043;95826;197869;22752;21686;44438;5351;5046;10397;13846;12967;26813;7680;7047;14727;15739;14649;30388;7024;6640;13664
31.12.2014;21-Jährige;67252;62650;129902;77190;72491;149681;16605;17622;34227;7414;6570;13984;4085;4155;8240;9407;9865;19272;34739;33283;68022;5401;4959;10360;46467;42650;89117;105932;100468;206400;24049;22454;46503;5760;5227;10987;14396;13418;27814;8009;7284;15293;15904;14815;30719;7425;7011;14436
31.12.2014;22-Jährige;68414;63179;131593;78030;74376;152406;18120;19194;37314;7850;6827;14677;4330;4292;8622;10173;10731;20904;35438;33827;69265;5898;5542;11440;46165;42671;88836;107616;102153;209769;24215;23256;47471;5733;5407;11140;15403;14394;29797;8638;7874;16512;15802;14747;30549;7999;7628;15627
31.12.2014;23-Jährige;70255;65674;135929;81475;76020;157495;20277;21645;41922;8953;8026;16979;4682;4497;9179;11158;11776;22934;36763;35529;72292;6808;6322;13130;46872;43217;90089;110392;105678;216070;25014;23553;48567;6077;5565;11642;18261;16893;35154;9711;8787;18498;16083;15056;31139;9209;8590;17799
31.12.2014;24-Jährige;73832;68961;142793;85565;81035;166600;25416;27175;52591;13245;11924;25169;5052;4745;9797;12530;13434;25964;39283;37842;77125;10248;9408;19656;49192;44832;94024;115044;109912;224956;26177;24454;50631;6356;5761;12117;26657;24191;50848;14301;12243;26544;16727;15854;32581;13714;12348;26062
31.12.2014;25-Jährige;72663;67782;140445;83577;79906;163483;27336;29210;56546;14035;12478;26513;5071;4856;9927;12714;13890;26604;39376;38055;77431;10720;9593;20313;47752;44085;91837;111763;107386;219149;25470;23667;49137;6090;5607;11697;27948;24948;52896;14430;12675;27105;16109;15241;31350;13812;12446;26258
31.12.2014;26-Jährige;74497;69266;143763;86571;81931;168502;29166;30668;59834;14518;12931;27449;5256;5002;10258;13655;15133;28788;40417;38680;79097;11263;9805;21068;49125;45024;94149;114916;110064;224980;26106;24092;50198;6217;5723;11940;28667;25559;54226;14956;13043;27999;16731;15488;32219;14666;13039;27705
31.12.2014;27-Jährige;71927;66985;138912;84859;79820;164679;30026;30981;61007;14574;13324;27898;4977;4834;9811;13892;14990;28882;39508;38092;77600;11391;10019;21410;47768;44146;91914;112297;107716;220013;24914;23521;48435;6183;5675;11858;29090;25954;55044;14728;12902;27630;16312;15131;31443;14893;12932;27825
31.12.2014;28-Jährige;71354;67194;138548;84611;80235;164846;30290;30669;60959;14127;13187;27314;5088;4667;9755;14127;15121;29248;38887;37982;76869;10776;9634;20410;46415;43487;89902;109969;107051;217020;24480;23150;47630;6195;5621;11816;27600;25086;52686;14225;12299;26524;15420;14844;30264;14512;12321;26833
31.12.2014;29-Jährige;68823;64896;133719;80806;77813;158619;29867;30048;59915;14622;13223;27845;4768;4430;9198;13895;14825;28720;37772;36432;74204;10660;9524;20184;44016;42541;86557;105517;103098;208615;23405;21979;45384;5744;5328;11072;28111;24814;52925;14053;12179;26232;14740;14551;29291;14214;12281;26495
31.12.2014;30-Jährige;68690;65112;133802;81282;78424;159706;29678;29269;58947;14359;13176;27535;4641;4407;9048;14212;14798;29010;38009;37396;75405;10350;9329;19679;44088;41765;85853;105106;102986;208092;23315;22302;45617;5660;5313;10973;27446;24636;52082;13959;12288;26247;14823;14577;29400;14307;12217;26524
31.12.2014;31-Jährige;67852;65711;133563;82202;79248;161450;29474;28877;58351;14531;13482;28013;4714;4542;9256;14217;14926;29143;37858;37439;75297;10485;9307;19792;44124;42787;86911;105383;103873;209256;23381;22374;45755;5772;5388;11160;27484;24696;52180;14256;12211;26467;14925;14959;29884;14215;12354;26569
31.12.2014;32-Jährige;69644;67301;136945;83652;82202;165854;29897;28938;58835;15003;13680;28683;4755;4556;9311;14495;15001;29496;39213;38984;78197;10624;9434;20058;44935;44216;89151;108117;106890;215007;23911;23220;47131;5859;5509;11368;28124;24704;52828;13976;12043;26019;15436;15823;31259;14656;12537;27193
31.12.2014;33-Jährige;68820;67550;136370;83616;82379;165995;28916;28631;57547;14728;13893;28621;4593;4185;8778;14480;15165;29645;38695;39300;77995;10303;8994;19297;44936;44685;89621;106627;107074;213701;23830;23612;47442;5858;5368;11226;27285;23919;51204;13913;11994;25907;15422;16016;31438;14079;12314;26393
31.12.2014;34-Jährige;68960;68057;137017;83002;82070;165072;28906;27701;56607;15471;14485;29956;4432;4167;8599;14410;14711;29121;38984;39463;78447;10386;9427;19813;44957;45201;90158;106502;107697;214199;23198;23385;46583;5748;5487;11235;27674;24547;52221;14039;12306;26345;15667;16472;32139;14523;12564;27087
31.12.2014;35-Jährige;64668;64708;129376;79377;78640;158017;26823;25804;52627;15037;14115;29152;4227;3886;8113;13624;13656;27280;37572;38200;75772;10341;8982;19323;43220;43336;86556;100799;102948;203747;22521;22362;44883;5279;5358;10637;27028;23411;50439;13553;11685;25238;15008;15733;30741;13809;12026;25835
31.12.2014;36-Jährige;63651;62989;126640;78242;77708;155950;25916;24285;50201;15075;14357;29432;4153;3779;7932;13359;12961;26320;36979;37797;74776;10251;9015;19266;43225;43239;86464;100007;101851;201858;22286;22177;44463;5057;5257;10314;26768;23751;50519;13488;11819;25307;15298;15748;31046;13302;11725;25027
31.12.2014;37-Jährige;63439;62865;126304;78321;76984;155305;24889;23617;48506;14667;13963;28630;4050;3849;7899;13162;12618;25780;36555;37619;74174;9992;8719;18711;43122;43094;86216;100993;101656;202649;21847;22336;44183;5198;5289;10487;26162;22921;49083;12906;11403;24309;15219;15831;31050;13120;11548;24668
31.12.2014;38-Jährige;63817;62854;126671;77282;76354;153636;23665;22672;46337;13470;12808;26278;4077;3872;7949;12676;12532;25208;36877;37580;74457;8730;7608;16338;43387;43757;87144;101110;102873;203983;21708;21899;43607;5087;5018;10105;23069;20751;43820;11609;10184;21793;15355;16097;31452;11718;10440;22158
31.12.2014;39-Jährige;62389;62076;124465;75850;75328;151178;22691;21342;44033;12959;12193;25152;3980;3801;7781;12167;11746;23913;36200;36400;72600;8196;7232;15428;42756;42546;85302;98757;100199;198956;21468;21694;43162;4950;4878;9828;22236;19607;41843;11125;9676;20801;15176;15696;30872;11323;9838;21161
31.12.2014;40-Jährige;63620;63951;127571;77244;76811;154055;22043;20740;42783;12707;12231;24938;3928;3625;7553;12184;11541;23725;36823;37060;73883;8099;7142;15241;43791;44449;88240;100085;102245;202330;21689;22233;43922;4999;5080;10079;22076;19198;41274;11232;10152;21384;15407;15828;31235;11750;10216;21966
31.12.2014;41-Jährige;63454;63709;127163;77164;76565;153729;21239;20306;41545;12955;12616;25571;3933;3813;7746;11527;11520;23047;37107;37302;74409;8270;7383;15653;44876;45562;90438;101853;103491;205344;22236;22694;44930;5011;5142;10153;22307;19545;41852;11913;10504;22417;15954;16474;32428;12084;10674;22758
31.12.2014;42-Jährige;68981;69090;138071;83551;83000;166551;22261;20955;43216;14827;13805;28632;4194;3995;8189;12293;11813;24106;39666;40086;79752;9043;8263;17306;49600;49670;99270;110769;111864;222633;24133;24924;49057;5565;5656;11221;24512;21484;45996;13524;12222;25746;17370;18051;35421;13777;11902;25679
31.12.2014;43-Jährige;75152;74001;149153;90642;89719;180361;24462;22995;47457;17357;16377;33734;4491;4281;8772;12995;12504;25499;43181;43287;86468;10556;9511;20067;54457;55014;109471;121522;122754;244276;26918;27167;54085;6157;6372;12529;28667;25239;53906;16233;14522;30755;19750;20252;40002;15433;13552;28985
31.12.2014;44-Jährige;77962;77223;155185;94415;93181;187596;24721;23328;48049;17546;16947;34493;4721;4383;9104;13379;12743;26122;45416;45090;90506;10586;9868;20454;57338;57810;115148;127785;127977;255762;28400;28456;56856;6445;6466;12911;28482;25469;53951;15945;14962;30907;20874;20979;41853;15530;14124;29654
31.12.2014;45-Jährige;84300;82546;166846;102895;100001;202896;26006;24253;50259;18203;17857;36060;4977;4714;9691;13969;13339;27308;49277;48205;97482;11036;10335;21371;62924;62282;125206;140929;140050;280979;30932;30889;61821;7205;7339;14544;28390;25944;54334;16588;15533;32121;23273;23327;46600;15611;14365;29976
31.12.2014;46-Jährige;88147;86722;174869;107696;104016;211712;27111;25707;52818;19211;18924;38135;5311;5068;10379;14998;14195;29193;51777;50328;102105;11684;11132;22816;66394;65308;131702;147807;146482;294289;32975;32524;65499;7716;7848;15564;28827;26664;55491;17087;15980;33067;24769;25011;49780;15784;14838;30622
31.12.2014;47-Jährige;90697;88158;178855;110095;106996;217091;27315;25836;53151;20605;20048;40653;5398;5092;10490;15176;14358;29534;52453;51430;103883;12101;11921;24022;68259;67897;136156;151965;149943;301908;33666;33762;67428;8106;8086;16192;29831;27617;57448;17688;16904;34592;25839;25818;51657;16242;15596;31838
31.12.2014;48-Jährige;92982;90294;183276;111364;108175;219539;28108;27288;55396;21990;21659;43649;5668;5206;10874;15145;14522;29667;53813;52371;106184;13163;12799;25962;70063;68854;138917;156116;153582;309698;35498;34629;70127;8489;8441;16930;31216;29742;60958;18503;17651;36154;25960;26085;52045;17467;16609;34076
31.12.2014;49-Jährige;92911;89719;182630;111403;106819;218222;29246;27809;57055;23288;22477;45765;5544;5261;10805;14638;14053;28691;53850;52571;106421;14076;13529;27605;69670;67753;137423;155745;152839;308584;35473;34902;70375;8472;8797;17269;32587;30905;63492;19223;18593;37816;25395;25735;51130;17885;17371;35256
31.12.2014;50-Jährige;94439;91189;185628;112152;109151;221303;29427;28489;57916;24383;23361;47744;5502;5202;10704;14856;14243;29099;54552;52771;107323;14864;14306;29170;69716;68885;138601;157849;154798;312647;36417;35709;72126;8773;9071;17844;33600;32722;66322;20015;19611;39626;26035;25791;51826;18941;18369;37310
31.12.2014;51-Jährige;93299;90085;183384;110153;108191;218344;29359;28339;57698;25071;24336;49407;5270;5251;10521;14047;13788;27835;53361;52125;105486;15485;14976;30461;68977;67649;136626;154583;152152;306735;36473;35536;72009;8904;9029;17933;34351;32921;67272;20854;20204;41058;24983;25311;50294;19321;18940;38261
31.12.2014;52-Jährige;89907;87464;177371;106517;105115;211632;27975;27005;54980;24888;24106;48994;5168;5156;10324;13036;12923;25959;51136;50104;101240;15452;14975;30427;66270;65828;132098;147913;146460;294373;35232;35028;70260;8900;8929;17829;33685;32428;66113;20279;20234;40513;23908;24180;48088;19099;18792;37891
31.12.2014;53-Jährige;87468;86639;174107;105083;103611;208694;26310;25918;52228;24532;23859;48391;4970;4913;9883;12412;12468;24880;49566;49258;98824;15659;15179;30838;65681;64989;130670;144454;144773;289227;35159;34869;70028;9124;8936;18060;33213;32805;66018;20461;20115;40576;23237;23611;46848;19652;19470;39122
31.12.2014;54-Jährige;84486;84245;168731;100515;99313;199828;25567;24399;49966;23469;23136;46605;4813;4806;9619;12169;12001;24170;47747;47441;95188;15166;15006;30172;62730;62349;125079;140754;141733;282487;33637;34051;67688;8613;8740;17353;31998;31468;63466;19964;19519;39483;22079;22495;44574;18739;18505;37244
31.12.2014;55-Jährige;81193;80764;161957;97413;96100;193513;24129;23636;47765;23196;22410;45606;4616;4769;9385;11518;11498;23016;46271;46152;92423;14779;14647;29426;60888;60614;121502;137021;138400;275421;32992;32581;65573;8979;8687;17666;31539;31482;63021;19243;19392;38635;21482;21967;43449;18737;18529;37266
31.12.2014;56-Jährige;77032;76769;153801;92157;91455;183612;22039;21839;43878;21188;20620;41808;4457;4605;9062;10799;10983;21782;43838;43767;87605;14000;13798;27798;57240;57154;114394;130148;131063;261211;30923;31126;62049;8503;8423;16926;28935;29340;58275;18225;18129;36354;20248;20493;40741;17386;17287;34673
31.12.2014;57-Jährige;74830;74680;149510;88949;89029;177978;21072;21098;42170;20683;20070;40753;4429;4578;9007;10294;10504;20798;42695;42852;85547;13663;13366;27029;55806;56334;112140;127073;128244;255317;30841;30596;61437;8210;8100;16310;28747;29249;57996;17743;18096;35839;19324;20400;39724;17241;17281;34522
31.12.2014;58-Jährige;72303;73202;145505;85601;85369;170970;20449;20844;41293;20439;20027;40466;4147;4377;8524;9693;10116;19809;40899;41419;82318;13479;13614;27093;53626;54015;107641;121853;124044;245897;29396;29502;58898;7790;7876;15666;29180;29752;58932;17713;18608;36321;18431;19116;37547;17595;17732;35327
31.12.2014;59-Jährige;68030;69683;137713;79927;81663;161590;19957;20848;40805;20456;20135;40591;4018;4293;8311;9260;9561;18821;38780;39962;78742;13579;13752;27331;51390;52071;103461;115642;120442;236084;28178;28707;56885;7387;7519;14906;29995;31002;60997;18491;18641;37132;17825;18651;36476;17510;17900;35410
31.12.2014;60-Jährige;64899;68386;133285;77110;80413;157523;19392;20857;40249;19851;20180;40031;3901;4225;8126;8828;9480;18308;37716;39374;77090;13587;13635;27222;49606;51668;101274;112341;118660;231001;27642;28221;55863;7440;7683;15123;29373;30963;60336;18056;18334;36390;17504;18615;36119;17194;17686;34880
31.12.2014;61-Jährige;61631;65951;127582;73538;77699;151237;18896;20562;39458;19448;19818;39266;3702;4072;7774;8294;9055;17349;35583;37869;73452;13143;13522;26665;47803;49985;97788;106006;113473;219479;26677;27530;54207;7223;7511;14734;29513;31253;60766;17741;18752;36493;17051;17742;34793;17149;17525;34674
31.12.2014;62-Jährige;61628;65774;127402;73410;78253;151663;18200;20574;38774;18833;19496;38329;3687;4097;7784;8431;9155;17586;35735;38241;73976;12644;13194;25838;48231;50272;98503;104313;112461;216774;26600;27144;53744;7144;7240;14384;30114;31580;61694;17646;18561;36207;16793;17780;34573;16934;17484;34418
31.12.2014;63-Jährige;59706;63582;123288;70863;75661;146524;18411;20871;39282;18473;18733;37206;3726;4097;7823;8158;9116;17274;34908;37587;72495;12293;12755;25048;47690;49446;97136;100404;108597;209001;26006;26581;52587;6813;7120;13933;30321;32762;63083;16639;17929;34568;16992;17821;34813;16872;17322;34194
31.12.2014;64-Jährige;59254;64399;123653;71535;76228;147763;18866;21855;40721;17067;17758;34825;3689;4025;7714;8359;9411;17770;35812;38282;74094;11514;11812;23326;48010;49394;97404;100111;108050;208161;26223;26892;53115;7012;7126;14138;29103;31340;60443;16398;17493;33891;17015;18091;35106;15705;16707;32412
31.12.2014;65-Jährige;58570;62673;121243;69679;74302;143981;17845;20194;38039;14433;15136;29569;3714;4080;7794;8373;9316;17689;35546;37998;73544;9787;10243;20030;47423;48888;96311;99905;107356;207261;25167;26095;51262;7156;7257;14413;25283;27552;52835;14254;15842;30096;17018;17944;34962;14062;14729;28791
31.12.2014;66-Jährige;54252;57058;111310;66423;70546;136969;16373;18344;34717;12503;13005;25508;3480;3748;7228;8163;8940;17103;33496;35391;68887;8472;8859;17331;43799;45070;88869;90666;98287;188953;21773;22477;44250;6063;6299;12362;20135;22162;42297;12099;13359;25458;16602;17629;34231;11983;12860;24843
31.12.2014;67-Jährige;49997;53364;103361;64743;68649;133392;15161;17225;32386;11692;12609;24301;3264;3705;6969;7903;8511;16414;30947;33316;64263;7769;8360;16129;39381;41630;81011;82881;90527;173408;19063;20002;39065;4858;5141;9999;19663;22515;42178;11677;13078;24755;15341;16386;31727;11358;12263;23621
31.12.2014;68-Jährige;43300;46780;90080;56305;61330;117635;12100;13137;25237;7839;8538;16377;3291;3546;6837;7210;7992;15202;26499;28412;54911;5183;5433;10616;36414;38910;75324;74974;83407;158381;16954;17854;34808;3858;4247;8105;14844;16746;31590;9405;10519;19924;14285;15346;29631;9082;10271;19353
31.12.2014;69-Jährige;36751;40391;77142;45033;49316;94349;13275;15156;28431;8974;10364;19338;2564;2887;5451;6254;7178;13432;21721;23751;45472;5364;6088;11452;28673;30697;59370;61801;71051;132852;13829;15199;29028;3554;3918;7472;17088;20103;37191;9377;10805;20182;11466;12980;24446;8507;9653;18160
31.12.2014;70-Jährige;47535;52457;99992;58375;63319;121694;17344;19835;37179;13366;15319;28685;3207;3547;6754;7961;8980;16941;28791;31542;60333;7933;9065;16998;37584;41639;79223;80285;91279;171564;18152;19835;37987;4733;5358;10091;24907;28939;53846;12981;15134;28115;15381;16860;32241;12210;13986;26196
31.12.2014;71-Jährige;47091;53527;100618;57825;63420;121245;18160;20791;38951;14411;16248;30659;3362;3629;6991;7990;8994;16984;28463;31083;59546;8554;9895;18449;38914;42280;81194;79824;91264;171088;17892;19703;37595;4532;5214;9746;24241;28768;53009;13287;15478;28765;15817;17257;33074;12284;14010;26294
31.12.2014;72-Jährige;46682;51727;98409;55329;61487;116816;17052;19651;36703;13641;15882;29523;3195;3702;6897;7673;8719;16392;26598;29583;56181;8147;9652;17799;37258;40916;78174;76643;88466;165109;17294;19161;36455;4365;5184;9549;22034;26693;48727;12874;15550;28424;15032;16650;31682;11184;13313;24497
31.12.2014;73-Jährige;54298;63234;117532;65597;75400;140997;19263;22741;42004;16822;19525;36347;3518;4201;7719;8718;9965;18683;31530;35512;67042;10182;12253;22435;44331;50045;94376;89568;105884;195452;20875;24091;44966;5514;6613;12127;27094;33131;60225;15579;18729;34308;17951;19893;37844;14060;17016;31076
31.12.2014;74-Jährige;55995;65943;121938;68296;80127;148423;18049;21705;39754;16269;19720;35989;3740;4278;8018;8502;10366;18868;32920;38141;71061;9989;12471;22460;45108;52002;97110;94362;113803;208165;22012;26312;48324;5666;6953;12619;27416;33766;61182;15641;19186;34827;17909;19952;37861;14693;18405;33098
31.12.2014;75-Jährige;54111;64769;118880;66053;78563;144616;16233;20463;36696;15445;19216;34661;3373;4224;7597;7934;10020;17954;31283;37090;68373;9714;12755;22469;43069;50992;94061;90618;111745;202363;21563;25336;46899;5551;7127;12678;26042;32977;59019;14678;18581;33259;17166;19794;36960;14140;17581;31721
31.12.2014;76-Jährige;49018;60238;109256;58296;70474;128770;14636;18745;33381;13784;17458;31242;3182;4069;7251;7262;9348;16610;27969;33557;61526;8945;11629;20574;40104;48109;88213;83523;104295;187818;19560;23513;43073;5066;6451;11517;23159;29724;52883;12706;16722;29428;15726;18311;34037;12057;15248;27305
31.12.2014;77-Jährige;44478;54895;99373;51240;63890;115130;13179;17759;30938;12355;15931;28286;2820;3769;6589;6868;8614;15482;25255;31103;56358;7818;10551;18369;35786;43678;79464;75649;97702;173351;17704;21834;39538;4824;6539;11363;20292;26886;47178;11406;15407;26813;13990;16484;30474;10457;14014;24471
31.12.2014;78-Jährige;41408;52283;93691;46498;60463;106961;12190;16443;28633;11476;15252;26728;2666;3590;6256;6197;8263;14460;23581;29589;53170;7022;10267;17289;32264;41283;73547;70146;92262;162408;16582;21017;37599;4655;6340;10995;19077;26217;45294;10448;14801;25249;12582;15513;28095;9713;13458;23171
31.12.2014;79-Jährige;38031;48829;86860;41909;56343;98252;11313;15624;26937;10788;14516;25304;2308;3388;5696;5725;8011;13736;21218;27821;49039;6675;9665;16340;29428;38651;68079;64508;87762;152270;15026;19850;34876;4087;5590;9677;18416;25224;43640;9537;14045;23582;11215;14533;25748;8729;12727;21456
31.12.2014;80-Jährige;32495;43347;75842;36730;50881;87611;9933;14216;24149;9308;12941;22249;2046;3008;5054;4591;6884;11475;18578;25061;43639;5881;8780;14661;25309;34712;60021;57470;80189;137659;13259;17689;30948;3300;4762;8062;15787;22904;38691;8304;12799;21103;9698;12679;22377;7730;11439;19169
31.12.2014;81-Jährige;25626;35235;60861;29039;41579;70618;6541;9925;16466;6533;9765;16298;1456;2200;3656;3366;5123;8489;14214;19500;33714;4375;6859;11234;18457;26704;45161;42399;61515;103914;9969;14004;23973;2779;3913;6692;11483;17504;28987;6091;9913;16004;6684;9379;16063;5646;8691;14337
31.12.2014;82-Jährige;23390;33721;57111;26916;40642;67558;5761;9005;14766;6054;9298;15352;1289;2248;3537;3052;4779;7831;12765;18624;31389;4110;6625;10735;16850;25950;42800;39236;59168;98404;9228;13430;22658;2587;3971;6558;10351;16549;26900;5705;9389;15094;5878;8826;14704;5231;8478;13709
31.12.2014;83-Jährige;21759;32805;54564;24580;38600;63180;5514;8728;14242;5527;8754;14281;1203;2150;3353;2830;4839;7669;11870;18176;30046;3628;6054;9682;16083;25518;41601;36235;58065;94300;8584;13417;22001;2385;3824;6209;9832;16551;26383;5189;9097;14286;5415;8721;14136;4649;8134;12783
31.12.2014;84-Jährige;20409;32393;52802;23040;38090;61130;5133;8815;13948;5075;8772;13847;1158;2137;3295;2742;4937;7679;11261;18639;29900;3192;5879;9071;15031;25580;40611;35199;58210;93409;8088;13405;21493;2218;3540;5758;9436;17101;26537;4716;9105;13821;5138;8421;13559;4515;8328;12843
31.12.2014;85-Jährige;17820;29601;47421;20133;34717;54850;4513;8135;12648;4207;7732;11939;1061;1975;3036;2501;4544;7045;10260;16884;27144;2704;5188;7892;12975;23166;36141;30197;53331;83528;7037;12213;19250;1856;3320;5176;8226;15828;24054;3876;8254;12130;4567;7805;12372;3688;7390;11078
31.12.2014;86-Jährige;15349;27254;42603;17843;31521;49364;3714;7212;10926;3396;6989;10385;970;1870;2840;2183;4355;6538;9069;15329;24398;2152;4585;6737;11528;21384;32912;26478;48553;75031;6348;11157;17505;1567;2990;4557;6904;14122;21026;3371;7480;10851;4092;7394;11486;3174;6842;10016
31.12.2014;87-Jährige;12231;23555;35786;14232;27877;42109;2941;6213;9154;2592;5812;8404;748;1670;2418;1713;3742;5455;7206;13692;20898;1527;3950;5477;9532;18974;28506;20715;42327;63042;5027;9841;14868;1236;2707;3943;5111;11980;17091;2528;6147;8675;3140;6498;9638;2437;5868;8305
31.12.2014;88-Jährige;10111;21534;31645;11432;25750;37182;2300;5967;8267;1887;5146;7033;599;1503;2102;1451;3488;4939;5975;12711;18686;1162;3352;4514;7472;16878;24350;16374;37941;54315;4072;9125;13197;979;2334;3313;4085;11339;15424;1948;5395;7343;2541;5824;8365;1875;5305;7180
31.12.2014;89-Jährige;8054;19417;27471;8933;23106;32039;1819;5293;7112;1531;4366;5897;469;1296;1765;1229;3130;4359;4709;11497;16206;902;2912;3814;6028;15821;21849;12815;33864;46679;3158;7973;11131;737;2084;2821;3203;9552;12755;1495;4750;6245;2109;5466;7575;1524;4433;5957
31.12.2014;90 Jahre und mehr;20486;68003;88489;23839;79782;103621;4948;20477;25425;3655;14940;18595;1475;5029;6504;3535;12050;15585;12375;40695;53070;2163;9087;11250;15471;54083;69554;31812;115373;147185;7841;27329;35170;2012;7163;9175;8682;33608;42290;3839;15938;19777;5691;19737;25428;3800;14500;18300
31.12.2014;Insgesamt;5284223;5432421;10716644;6249965;6441603;12691568;1696218;1773631;3469849;1210474;1247398;2457872;324423;337465;661888;857446;905345;1762791;2991752;3102136;6093888;787945;811193;1599138;3846089;3980650;7826739;8606003;9032095;17638098;1970535;2041047;4011582;482599;506436;989035;1987607;2067667;4055274;1095797;1139751;2235548;1381451;1449413;2830864;1062930;1093829;2156759
